Date,Close/Last,Volume,Open,High,Low
11/25/2025,84.79,N/A,85.32,86.18,84.44
11/24/2025,85.43,N/A,83.41,86.47,84.99
11/23/2025,82.79,N/A,83.20,84.37,81.87
11/22/2025,84.13,N/A,82.55,84.37,81.87
11/21/2025,82.05,N/A,87.41,83.88,81.70
11/20/2025,87.10,N/A,93.65,88.57,86.22
11/19/2025,93.30,N/A,93.88,93.79,92.38
11/18/2025,93.97,N/A,93.78,95.91,93.73
11/17/2025,92.48,N/A,96.73,93.12,90.51
11/16/2025,102.09,N/A,102.50,103.36,99.94
11/14/2025,98.00,N/A,100.31,98.96,93.51
11/13/2025,95.99,N/A,99.61,97.25,95.60
11/12/2025,99.31,N/A,99.52,99.89,97.55
11/11/2025,99.41,N/A,104.28,100.20,98.94
11/10/2025,104.28,N/A,108.48,106.90,102.97
11/09/2025,108.60,N/A,100.38,112.02,107.63
11/08/2025,101.44,N/A,103.32,102.84,98.12
11/07/2025,101.99,N/A,88.96,102.84,100.15
11/06/2025,88.53,N/A,88.52,89.19,86.90
11/05/2025,88.58,N/A,87.18,89.37,87.59
11/04/2025,87.23,N/A,89.10,87.45,82.05
11/03/2025,89.89,N/A,94.67,90.99,86.95
11/02/2025,94.53,N/A,100.18,99.76,93.24
11/01/2025,95.96,N/A,94.03,96.44,95.09
10/31/2025,95.77,N/A,93.40,96.28,93.02
10/30/2025,93.87,N/A,98.85,94.51,93.02
10/29/2025,98.72,N/A,96.45,99.74,97.95
10/28/2025,96.42,N/A,100.03,97.09,96.25
10/27/2025,99.68,N/A,100.02,100.62,99.14
10/26/2025,100.01,N/A,96.45,100.87,99.92
10/25/2025,96.53,N/A,96.18,97.05,96.41
10/24/2025,96.26,N/A,94.79,96.96,96.10
10/23/2025,94.56,N/A,92.55,95.28,93.96
10/22/2025,92.59,N/A,92.97,92.96,91.84
10/21/2025,92.96,N/A,92.94,93.26,92.02
10/20/2025,92.91,N/A,94.59,94.08,92.84
10/19/2025,94.46,N/A,92.22,94.52,92.27
10/18/2025,92.26,N/A,90.51,92.58,90.78
10/17/2025,90.63,N/A,92.10,91.30,89.98
10/16/2025,91.95,N/A,94.81,93.02,91.56
10/15/2025,95.08,N/A,97.22,96.33,94.71
10/14/2025,97.36,N/A,98.21,98.34,96.55
10/13/2025,98.05,N/A,99.02,100.44,97.84
10/12/2025,98.84,N/A,93.78,100.05,97.73
10/11/2025,93.67,N/A,100.64,94.24,91.67
10/10/2025,99.53,N/A,131.59,102.50,94.77
10/09/2025,132.24,N/A,118.41,132.74,125.76
10/08/2025,119.48,N/A,116.98,119.73,116.93
10/07/2025,117.32,N/A,118.22,118.32,116.69
10/06/2025,118.37,N/A,120.69,119.04,117.80
10/05/2025,120.97,N/A,122.66,121.21,118.16
10/04/2025,123.28,N/A,119.52,124.12,120.28
10/03/2025,119.45,N/A,117.35,120.95,119.15
10/02/2025,117.80,N/A,118.43,119.55,117.36
10/01/2025,118.41,N/A,105.83,121.40,115.11
09/30/2025,105.89,N/A,106.42,107.07,105.82
09/29/2025,106.45,N/A,106.57,107.16,106.26
09/28/2025,106.54,N/A,103.91,107.24,106.49
09/27/2025,104.58,N/A,104.36,104.94,103.36
09/26/2025,103.97,N/A,103.20,104.43,103.57
09/25/2025,102.78,N/A,104.85,103.90,102.36
09/24/2025,104.55,N/A,105.79,105.83,104.24
09/23/2025,105.87,N/A,106.19,107.60,105.79
09/22/2025,106.58,N/A,111.37,106.63,104.46
09/21/2025,111.41,N/A,114.45,114.50,110.10
09/20/2025,114.39,N/A,114.30,114.41,113.76
09/19/2025,114.51,N/A,117.19,114.54,113.51
09/18/2025,117.21,N/A,117.82,119.45,117.14
09/17/2025,117.89,N/A,114.69,118.08,116.81
09/16/2025,114.81,N/A,112.60,115.86,114.79
09/15/2025,112.77,N/A,115.69,114.02,112.68
09/14/2025,115.72,N/A,116.32,116.18,114.60
09/13/2025,119.95,N/A,117.33,120.81,117.50
09/12/2025,118.05,N/A,115.55,118.52,117.50
09/11/2025,115.54,N/A,116.65,116.91,114.82
09/10/2025,116.54,N/A,112.91,117.76,116.02
09/09/2025,113.77,N/A,113.52,114.68,111.65
09/08/2025,112.01,N/A,114.74,113.57,111.65
09/07/2025,115.26,N/A,112.84,115.40,113.81
09/06/2025,112.64,N/A,112.38,112.86,112.17
09/05/2025,112.23,N/A,111.32,112.53,111.81
09/04/2025,111.27,N/A,111.65,112.55,111.04
09/03/2025,111.66,N/A,111.46,113.50,111.63
09/02/2025,111.39,N/A,110.31,112.22,110.79
09/01/2025,110.32,N/A,108.17,110.38,108.61
08/31/2025,107.86,N/A,111.86,109.27,107.47
08/30/2025,111.69,N/A,110.60,111.77,110.83
08/29/2025,110.53,N/A,113.27,110.87,108.44
08/28/2025,113.41,N/A,112.94,113.81,112.39
08/27/2025,112.83,N/A,114.34,113.12,111.43
08/26/2025,114.45,N/A,110.05,114.45,112.77
08/25/2025,110.08,N/A,117.30,110.33,108.94
08/24/2025,117.78,N/A,121.22,118.65,115.67
08/23/2025,120.88,N/A,120.20,122.09,120.59
08/22/2025,120.24,N/A,115.51,123.33,119.81
08/21/2025,115.41,N/A,116.02,116.49,114.24
08/20/2025,116.23,N/A,113.67,117.25,115.57
08/19/2025,113.67,N/A,115.49,114.44,112.53
08/18/2025,115.46,N/A,116.60,119.03,115.44
08/17/2025,116.30,N/A,120.68,120.93,115.48
08/16/2025,118.40,N/A,121.49,120.81,118.02
08/15/2025,119.87,N/A,122.78,120.81,119.01
08/14/2025,122.68,N/A,133.14,122.89,120.88
08/13/2025,132.81,N/A,131.29,133.27,130.68
08/12/2025,131.15,N/A,119.40,131.46,128.71
08/11/2025,119.43,N/A,125.88,121.46,119.31
08/10/2025,124.07,N/A,121.81,125.90,118.39
08/09/2025,122.88,N/A,123.09,123.45,120.21
08/08/2025,123.49,N/A,121.51,124.23,122.85
08/07/2025,121.40,N/A,119.49,124.33,121.18
08/06/2025,119.81,N/A,118.19,120.99,117.95
08/05/2025,118.26,N/A,121.82,120.47,117.83
08/04/2025,121.99,N/A,111.53,123.50,120.11
08/03/2025,111.36,N/A,107.63,111.89,110.15
08/02/2025,107.93,N/A,107.58,109.08,104.25
08/01/2025,107.60,N/A,106.52,108.44,105.92
07/31/2025,106.36,N/A,110.58,107.00,103.96
07/30/2025,110.78,N/A,108.94,111.79,110.26
07/29/2025,109.05,N/A,109.32,109.56,107.23
07/28/2025,109.06,N/A,115.23,110.09,107.73
07/27/2025,115.18,N/A,114.57,116.21,113.85
07/26/2025,114.34,N/A,113.43,115.47,112.13
07/25/2025,113.04,N/A,109.38,113.78,112.13
07/24/2025,109.36,N/A,113.08,112.24,108.28
07/23/2025,113.28,N/A,119.98,114.34,111.51
07/22/2025,119.96,N/A,115.78,122.12,117.49
07/21/2025,115.29,N/A,117.38,117.09,112.92
07/20/2025,117.53,N/A,112.51,118.20,115.50
07/19/2025,112.67,N/A,102.50,113.42,110.59
07/18/2025,102.27,N/A,107.71,102.80,100.15
07/17/2025,107.30,N/A,96.14,107.43,101.11
07/16/2025,95.79,N/A,92.69,97.22,95.15
07/15/2025,95.55,N/A,91.87,97.22,95.21
07/14/2025,92.03,N/A,96.79,96.08,91.34
07/13/2025,96.82,N/A,93.13,97.02,94.44
07/12/2025,93.17,N/A,94.74,93.63,92.55
07/11/2025,94.12,N/A,94.86,98.24,92.76
07/10/2025,95.41,N/A,90.90,95.80,93.63
07/09/2025,90.82,N/A,87.58,91.44,90.13
07/08/2025,87.55,N/A,86.01,87.82,87.17
07/07/2025,86.10,N/A,87.65,86.17,85.55
07/06/2025,87.70,N/A,87.06,88.18,87.08
07/05/2025,87.01,N/A,86.74,87.69,86.87
07/04/2025,86.75,N/A,88.74,87.10,86.01
07/03/2025,88.66,N/A,88.04,89.31,88.12
07/02/2025,88.44,N/A,83.79,88.44,86.92
07/01/2025,83.85,N/A,86.64,83.94,83.05
06/30/2025,86.57,N/A,87.37,86.83,85.75
06/29/2025,87.39,N/A,86.42,88.32,87.31
06/28/2025,86.48,N/A,85.15,86.74,85.88
06/27/2025,85.18,N/A,85.38,85.27,84.59
06/26/2025,85.46,N/A,85.18,85.64,83.69
06/25/2025,85.19,N/A,84.90,85.69,84.56
06/24/2025,84.96,N/A,84.51,85.35,84.46
06/23/2025,84.52,N/A,79.97,85.37,84.32
06/22/2025,79.85,N/A,80.51,81.02,79.74
06/21/2025,80.25,N/A,83.58,81.39,79.76
06/20/2025,83.62,N/A,85.09,83.72,82.75
06/19/2025,84.99,N/A,85.18,85.21,84.53
06/18/2025,85.00,N/A,85.28,85.59,84.47
06/17/2025,85.06,N/A,87.26,85.65,84.15
06/16/2025,87.09,N/A,86.55,87.70,85.39
06/15/2025,86.54,N/A,85.83,87.01,85.38
06/14/2025,85.90,N/A,86.17,85.94,85.05
06/13/2025,86.12,N/A,83.36,86.44,85.65
06/12/2025,82.99,N/A,90.36,86.17,81.37
06/11/2025,90.52,N/A,91.86,91.89,90.35
06/10/2025,92.01,N/A,89.36,92.01,89.55
06/09/2025,90.62,N/A,87.87,91.49,90.62
06/08/2025,87.26,N/A,88.00,88.62,87.00
06/07/2025,88.49,N/A,87.28,89.30,86.65
06/06/2025,87.71,N/A,84.38,88.02,86.65
06/05/2025,84.36,N/A,88.36,84.40,83.23
06/04/2025,88.37,N/A,90.42,89.03,87.98
06/03/2025,90.54,N/A,89.51,90.73,89.53
06/02/2025,89.53,N/A,87.38,90.58,89.35
06/01/2025,87.41,N/A,87.07,88.61,86.99
05/31/2025,84.92,N/A,90.57,85.80,83.28
05/30/2025,84.35,N/A,91.78,85.80,83.28
05/29/2025,91.81,N/A,97.36,93.89,89.73
05/28/2025,97.26,N/A,95.74,98.77,94.99
05/27/2025,95.71,N/A,94.47,96.30,95.11
05/26/2025,94.48,N/A,96.18,95.27,93.14
05/25/2025,96.24,N/A,95.79,96.50,95.24
05/24/2025,95.87,N/A,96.72,96.05,94.34
05/23/2025,96.58,N/A,102.14,97.16,94.88
05/22/2025,101.86,N/A,99.54,102.91,99.90
05/21/2025,99.71,N/A,94.77,99.91,96.98
05/20/2025,94.96,N/A,97.91,95.14,93.52
05/19/2025,98.01,N/A,97.14,99.67,98.01
05/18/2025,97.40,N/A,96.36,101.13,97.23
05/17/2025,96.45,N/A,99.18,97.01,96.07
05/16/2025,99.00,N/A,100.92,100.12,97.49
05/15/2025,101.01,N/A,99.60,101.10,98.90
05/14/2025,100.00,N/A,103.39,101.90,99.66
05/13/2025,103.22,N/A,100.09,104.69,102.47
05/12/2025,99.85,N/A,101.03,104.75,99.49
05/11/2025,101.01,N/A,104.51,101.79,99.33
05/10/2025,104.67,N/A,103.36,105.91,102.49
05/09/2025,103.42,N/A,94.51,106.67,100.54
05/08/2025,95.42,N/A,91.65,96.04,93.87
05/07/2025,91.52,N/A,92.38,92.07,89.45
05/06/2025,82.11,N/A,87.95,83.58,81.72
05/05/2025,82.77,N/A,86.00,83.58,81.72
05/04/2025,86.14,N/A,86.08,86.48,84.76
05/03/2025,86.99,N/A,88.91,87.99,86.70
05/02/2025,87.42,N/A,90.03,87.99,87.30
05/01/2025,90.07,N/A,84.22,90.99,88.69
04/30/2025,84.29,N/A,86.09,84.88,83.33
04/29/2025,85.98,N/A,86.65,86.58,85.32
04/28/2025,86.64,N/A,85.44,87.03,85.46
04/27/2025,85.43,N/A,85.96,85.66,83.74
04/26/2025,85.89,N/A,87.53,87.59,85.83
04/25/2025,87.63,N/A,83.75,88.03,86.31
04/24/2025,83.73,N/A,81.82,84.79,82.97
04/23/2025,82.12,N/A,84.90,84.12,82.03
04/22/2025,84.74,N/A,78.70,85.16,83.20
04/21/2025,78.68,N/A,79.00,79.50,77.48
04/20/2025,79.15,N/A,76.61,79.77,77.69
04/19/2025,76.49,N/A,76.56,76.54,76.08
04/18/2025,76.54,N/A,75.32,76.55,75.76
04/17/2025,75.20,N/A,74.23,75.38,74.63
04/16/2025,74.19,N/A,75.98,75.27,73.96
04/15/2025,76.03,N/A,78.43,76.48,74.69
04/14/2025,78.42,N/A,78.85,78.54,76.79
04/13/2025,79.01,N/A,78.24,80.57,77.76
04/12/2025,78.34,N/A,75.29,78.99,77.73
04/11/2025,75.46,N/A,74.96,76.27,75.10
04/10/2025,75.10,N/A,74.44,75.35,73.74
04/09/2025,74.23,N/A,68.28,76.11,73.88
04/08/2025,68.53,N/A,71.97,69.98,66.58
04/07/2025,71.87,N/A,68.03,72.84,70.21
04/06/2025,67.94,N/A,82.31,71.73,67.35
04/05/2025,82.14,N/A,84.53,83.11,82.01
04/04/2025,84.56,N/A,83.25,84.94,84.26
04/03/2025,83.33,N/A,83.46,83.67,82.58
04/02/2025,83.41,N/A,82.93,83.92,81.11
04/01/2025,82.96,N/A,83.72,84.48,82.41
03/31/2025,83.64,N/A,84.78,84.10,82.89
03/30/2025,84.86,N/A,86.24,86.25,84.59
03/29/2025,84.86,N/A,87.33,88.01,84.20
03/28/2025,87.43,N/A,92.44,88.01,86.02
03/27/2025,92.38,N/A,93.72,93.42,92.10
03/26/2025,93.69,N/A,93.58,93.88,92.41
03/25/2025,93.51,N/A,92.26,96.08,93.29
03/24/2025,92.28,N/A,92.24,94.32,92.03
03/23/2025,92.08,N/A,91.89,92.57,90.82
03/22/2025,91.78,N/A,91.12,92.19,91.33
03/21/2025,91.10,N/A,92.47,91.37,90.43
03/20/2025,92.50,N/A,93.57,93.44,92.20
03/19/2025,93.52,N/A,90.65,94.47,93.21
03/18/2025,90.43,N/A,89.93,90.99,89.34
03/17/2025,91.29,N/A,91.92,92.31,91.29
03/16/2025,93.37,N/A,92.32,94.07,90.24
03/15/2025,92.22,N/A,92.13,92.68,91.29
03/14/2025,92.10,N/A,89.08,92.11,91.02
03/13/2025,88.98,N/A,90.45,89.57,87.82
03/12/2025,90.61,N/A,88.59,91.75,90.43
03/11/2025,88.95,N/A,87.35,91.77,88.72
03/10/2025,87.85,N/A,95.56,88.76,83.55
03/09/2025,95.80,N/A,101.43,96.34,93.08
03/08/2025,101.24,N/A,107.99,102.70,100.85
03/07/2025,107.85,N/A,100.84,107.87,103.18
03/06/2025,100.91,N/A,109.66,104.44,97.52
03/05/2025,109.26,N/A,103.17,109.89,103.71
03/04/2025,103.17,N/A,104.23,105.42,101.70
03/03/2025,104.62,N/A,123.17,110.86,101.38
03/02/2025,123.135,N/A,122.52,130.07,122.25
03/01/2025,125.472,N/A,124.94,130.63,123.08
02/28/2025,129.872,N/A,124.94,130.63,126.11
02/27/2025,122.231,N/A,123.99,127.26,119.99
02/26/2025,122.452,N/A,114.48,126.23,121.88
02/25/2025,119.459,N/A,116.27,121.37,114.02
02/24/2025,113.825,N/A,129.60,116.92,112.66
02/23/2025,122.818,N/A,125.94,130.38,121.55
02/22/2025,126.121,N/A,129.21,126.93,125.28
02/21/2025,129.566,N/A,134.61,131.09,126.80
02/20/2025,134.909,N/A,134.67,139.06,130.40
02/19/2025,131.912,N/A,134.88,135.00,131.04
02/18/2025,131.66,N/A,129.706,133.995,129.737
02/17/2025,123.895,N/A,124.798,126.026,121.483
02/16/2025,124.839,N/A,136.35,128.714,123.787
02/15/2025,136.311,N/A,130.543,137.295,132.395
02/14/2025,130.097,N/A,126.57,131.917,124.344
02/13/2025,126.947,N/A,124.415,128.442,124.817
02/12/2025,124.46,N/A,116.079,129.234,121.617
02/11/2025,116.439,N/A,130.066,119.704,115.95
02/10/2025,131.896,N/A,112.798,131.929,117.95
02/09/2025,106.172,N/A,103.507,107.902,104.269
02/08/2025,104.813,N/A,101.724,105.133,101.836
02/07/2025,103.711,N/A,103.39,105.029,102.757
02/06/2025,103.435,N/A,106.361,104.383,103.435
02/05/2025,106.412,N/A,102.562,106.921,103.292
02/04/2025,102.735,N/A,104.573,103.972,100.468
02/03/2025,103.552,N/A,90.558,108.60,103.552
02/02/2025,90.027,N/A,115.443,109.026,82.39
02/01/2025,119.845,N/A,128.342,131.182,119.698
01/31/2025,129.81,N/A,126.994,130.577,126.482
01/30/2025,126.737,N/A,125.438,130.893,125.797
01/29/2025,125.475,N/A,113.787,126.152,114.272
01/28/2025,113.905,N/A,115.815,113.905,109.935
01/27/2025,115.832,N/A,113.74,116.268,112.98
01/26/2025,114.661,N/A,123.995,117.852,113.277
01/25/2025,124.645,N/A,124.267,124.957,123.205
01/24/2025,124.677,N/A,116.029,125.313,118.182
01/23/2025,115.683,N/A,112.933,116.579,112.893
01/22/2025,112.97,N/A,117.302,115.547,112.587
01/21/2025,117.59,N/A,116.14,120.225,116.888
01/20/2025,115.01,N/A,116.889,119.184,113.714
01/19/2025,117.011,N/A,121.031,118.715,113.002
01/18/2025,121.331,N/A,128.452,128.582,120.792
01/17/2025,128.584,N/A,136.697,139.367,128.432
01/16/2025,137.772,N/A,118.412,137.787,124.213
01/15/2025,118.715,N/A,102.278,120.927,114.253
01/14/2025,101.905,N/A,99.041,103.321,101.905
01/13/2025,99.044,N/A,101.264,99.911,97.633
01/12/2025,101.175,N/A,104.407,104.332,100.006
01/11/2025,104.755,N/A,103.324,105.242,103.654
01/10/2025,103.193,N/A,103.675,104.106,102.869
01/09/2025,103.508,N/A,102.212,104.55,102.105
01/08/2025,101.822,N/A,102.476,102.499,100.465
01/07/2025,102.83,N/A,112.647,104.966,102.333
01/06/2025,112.691,N/A,115.383,114.84,112.637
01/05/2025,115.117,N/A,112.547,116.757,113.932
01/04/2025,112.407,N/A,111.457,112.416,110.656
01/03/2025,111.265,N/A,105.53,112.816,110.781
01/02/2025,105.688,N/A,106.369,106.815,104.892
01/01/2025,106.78,N/A,104.172,107.993,105.064
12/31/2024,104.065,N/A,98.011,105.697,103.282
12/30/2024,98.033,N/A,100.04,99.467,97.934
12/29/2024,100.349,N/A,100.457,101.383,98.133
12/28/2024,100.464,N/A,100.121,100.844,99.482
12/27/2024,100.186,N/A,102.831,100.99,99.526
12/26/2024,103.219,N/A,107.635,104.04,101.571
12/25/2024,107.702,N/A,108.375,110.308,107.058
12/24/2024,108.47,N/A,106.658,108.782,107.635
12/23/2024,106.215,N/A,104.285,107.046,104.007
12/22/2024,104.037,N/A,99.693,105.882,97.999
12/21/2024,98.642,N/A,101.627,102.109,98.642
12/20/2024,102.787,N/A,101.752,102.808,100.34
12/19/2024,101.456,N/A,109.246,103.287,98.435
12/18/2024,108.095,N/A,124.597,109.935,103.331
12/17/2024,121.49,N/A,117.978,128.873,121.416
12/16/2024,116.50,N/A,121.433,118.085,115.597
12/15/2024,121.079,N/A,118.032,123.88,119.982
12/14/2024,117.964,N/A,122.864,120.142,116.853
12/13/2024,123.223,N/A,120.778,125.044,122.102
12/12/2024,120.81,N/A,122.288,121.997,117.196
12/11/2024,121.974,N/A,110.172,122.141,116.522
12/10/2024,110.282,N/A,111.421,110.673,106.157
12/09/2024,110.576,N/A,130.404,112.856,105.05
12/08/2024,131.818,N/A,135.267,134.903,130.979
12/07/2024,132.613,N/A,134.167,138.544,131.782
12/06/2024,136.103,N/A,137.90,137.555,134.338
12/05/2024,138.196,N/A,127.657,139.173,134.803
12/04/2024,127.669,N/A,130.233,133.748,125.035
12/03/2024,129.905,N/A,132.06,132.414,127.616
12/02/2024,131.84,N/A,119.256,133.627,129.063
12/01/2024,119.347,N/A,100.758,129.555,117.657
11/30/2024,100.732,N/A,101.076,103.771,99.365
11/29/2024,101.149,N/A,96.45,104.821,100.443
11/28/2024,96.61,N/A,97.228,97.502,95.285
11/27/2024,97.192,N/A,94.563,98.265,95.389
11/26/2024,94.256,N/A,93.697,94.417,91.523
11/25/2024,93.993,N/A,96.207,95.227,91.759
11/24/2024,96.359,N/A,101.092,97.602,93.484
11/23/2024,100.657,N/A,103.718,103.008,99.147
11/22/2024,101.985,N/A,90.394,103.284,92.106
11/21/2024,90.813,N/A,86.453,91.433,88.504
11/20/2024,85.961,N/A,84.799,86.426,81.693
11/19/2024,85.059,N/A,88.116,86.701,83.399
11/18/2024,87.913,N/A,92.382,89.588,87.845
11/17/2024,92.746,N/A,90.163,94.656,86.923
11/16/2024,90.344,N/A,84.393,97.261,89.003
11/15/2024,84.157,N/A,79.682,84.79,82.874
11/14/2024,79.198,N/A,80.368,82.484,78.901
11/13/2024,79.86,N/A,73.281,84.338,74.254
11/12/2024,72.164,N/A,78.536,77.675,72.086
11/11/2024,78.547,N/A,76.915,80.136,77.325
11/10/2024,76.855,N/A,76.453,77.918,76.398
11/09/2024,72.427,N/A,72.231,73.936,71.615
11/08/2024,72.753,N/A,71.245,73.324,72.392
11/07/2024,71.192,N/A,70.77,72.617,70.77
11/06/2024,70.744,N/A,69.701,72.263,70.513
11/05/2024,69.791,N/A,66.582,70.326,65.397
11/04/2024,66.576,N/A,67.21,66.684,65.494
11/03/2024,67.199,N/A,68.307,67.717,66.253
11/02/2024,67.795,N/A,70.653,69.29,67.092
11/01/2024,70.945,N/A,69.17,71.233,70.237
10/31/2024,69.16,N/A,71.697,69.414,68.17
10/30/2024,71.717,N/A,73.315,72.067,71.304
10/29/2024,73.448,N/A,71.917,74.262,73.17
10/28/2024,72.138,N/A,71.267,72.452,70.71
10/27/2024,70.59,N/A,68.434,71.548,70.578
10/26/2024,68.306,N/A,68.885,68.494,68.03
10/25/2024,69.379,N/A,71.33,69.71,68.325
10/24/2024,71.365,N/A,69.98,71.525,70.875
10/23/2024,70.04,N/A,69.115,70.54,69.725
10/22/2024,69.233,N/A,70.69,70.06,69.095
10/21/2024,71.12,N/A,73.713,71.131,70.134
10/20/2024,73.64,N/A,75.119,74.555,73.613
10/19/2024,74.887,N/A,73.778,75.115,74.503
10/18/2024,73.801,N/A,73.115,74.053,73.055
10/17/2024,72.847,N/A,70.812,74.818,72.112
10/16/2024,70.892,N/A,71.562,70.902,69.989
10/15/2024,71.746,N/A,66.847,72.978,70.872
10/14/2024,66.903,N/A,65.477,67.83,66.73
10/13/2024,65.405,N/A,65.527,65.551,64.154
10/12/2024,65.545,N/A,65.222,66.298,65.505
10/11/2024,65.226,N/A,65.015,65.792,65.118
10/10/2024,64.992,N/A,64.878,65.165,64.298
10/09/2024,64.92,N/A,65.637,64.998,64.18
10/08/2024,65.70,N/A,65.26,65.947,65.408
10/07/2024,65.259,N/A,67.668,65.413,64.766
10/06/2024,67.681,N/A,66.336,67.972,66.858
10/05/2024,66.438,N/A,64.882,66.706,66.138
10/04/2024,64.994,N/A,64.037,65.458,64.714
10/03/2024,64.007,N/A,63.955,64.485,63.332
10/02/2024,63.883,N/A,64.303,63.938,62.703
10/01/2024,64.285,N/A,67.90,64.315,62.945
09/30/2024,67.985,N/A,67.846,68.008,66.653
09/29/2024,67.88,N/A,69.574,69.342,67.555
09/28/2024,69.616,N/A,71.044,70.18,69.43
09/27/2024,71.417,N/A,68.992,71.457,70.90
09/26/2024,68.937,N/A,66.436,68.937,68.315
09/25/2024,66.447,N/A,66.984,66.698,65.648
09/24/2024,66.924,N/A,66.612,67.214,66.448
09/23/2024,66.608,N/A,68.688,67.16,66.252
09/22/2024,68.774,N/A,67.352,69.275,67.359
09/21/2024,67.205,N/A,65.173,67.353,66.555
09/20/2024,65.418,N/A,65.466,65.555,64.873
09/19/2024,65.73,N/A,65.188,65.766,64.862
09/18/2024,65.032,N/A,64.257,65.437,64.74
09/17/2024,64.237,N/A,62.76,64.343,63.353
09/16/2024,63.119,N/A,62.465,63.17,61.958
09/15/2024,62.92,N/A,65.946,63.27,62.402
09/14/2024,65.65,N/A,65.44,66.306,65.65
09/13/2024,65.345,N/A,62.711,65.618,64.887
09/12/2024,62.608,N/A,62.388,62.857,62.424
09/11/2024,62.438,N/A,61.375,62.525,61.85
09/10/2024,61.283,N/A,60.60,61.533,60.665
09/09/2024,60.61,N/A,60.39,61.42,60.357
09/08/2024,60.513,N/A,61.943,61.264,59.987
09/07/2024,61.953,N/A,61.564,64.147,61.74
09/06/2024,63.83,N/A,66.57,63.92,62.808
09/05/2024,66.672,N/A,65.175,66.792,66.00
09/04/2024,65.26,N/A,64.837,66.905,65.184
09/03/2024,64.897,N/A,66.075,65.015,62.207
09/02/2024,66.219,N/A,63.52,66.369,65.297
09/01/2024,63.432,N/A,64.432,64.106,63.318
08/31/2024,64.418,N/A,65.787,64.998,64.028
08/30/2024,65.782,N/A,62.198,66.065,64.905
08/29/2024,62.268,N/A,62.202,62.578,61.884
08/28/2024,60.771,N/A,63.074,61.027,59.805
08/27/2024,60.333,N/A,63.213,60.438,59.805
08/26/2024,63.37,N/A,64.384,63.445,62.902
08/25/2024,64.304,N/A,66.028,65.082,64.004
08/24/2024,67.313,N/A,66.034,67.98,65.442
08/23/2024,66.174,N/A,63.85,66.308,65.442
08/22/2024,63.732,N/A,63.248,64.014,63.588
08/21/2024,63.203,N/A,64.087,64.355,62.593
08/20/2024,64.055,N/A,66.869,64.618,63.795
08/19/2024,66.856,N/A,66.176,67.288,66.172
08/18/2024,66.264,N/A,67.604,66.774,66.084
08/17/2024,67.637,N/A,66.074,67.826,67.423
08/16/2024,65.97,N/A,65.296,66.567,65.937
08/15/2024,65.347,N/A,64.397,65.848,64.91
08/14/2024,64.446,N/A,63.761,64.697,63.956
08/13/2024,63.823,N/A,61.945,63.96,63.014
08/12/2024,61.857,N/A,60.397,62.541,61.438
08/11/2024,60.415,N/A,61.842,60.42,59.278
08/10/2024,61.894,N/A,60.518,62.118,61.092
08/09/2024,60.53,N/A,60.773,61.308,60.147
08/08/2024,60.663,N/A,58.001,61.233,60.60
08/07/2024,58.223,N/A,58.926,58.572,55.254
08/06/2024,58.809,N/A,57.794,59.235,57.368
08/05/2024,57.876,N/A,55.328,58.985,56.03
08/04/2024,55.567,N/A,65.034,62.558,54.609
08/03/2024,63.188,N/A,65.171,66.364,62.618
08/02/2024,65.212,N/A,68.437,65.304,63.281
08/01/2024,68.936,N/A,70.89,69.953,68.02
07/31/2024,70.84,N/A,72.367,71.429,70.14
07/30/2024,72.233,N/A,73.60,72.896,71.27
07/29/2024,73.96,N/A,73.036,74.548,73.096
07/28/2024,73.201,N/A,71.095,73.631,71.051
07/27/2024,71.263,N/A,71.473,71.75,70.83
07/26/2024,71.183,N/A,70.144,71.547,71.128
07/25/2024,70.159,N/A,68.766,70.23,68.767
07/24/2024,68.723,N/A,72.749,71.647,68.285
07/23/2024,72.713,N/A,71.966,73.137,72.423
07/22/2024,72.975,N/A,72.913,74.60,72.768
07/21/2024,73.887,N/A,73.115,74.60,73.786
07/20/2024,73.113,N/A,72.984,73.35,73.003
07/19/2024,73.021,N/A,71.66,73.65,72.86
07/18/2024,71.668,N/A,72.34,71.757,70.715
07/17/2024,72.367,N/A,73.494,72.42,71.375
07/16/2024,73.586,N/A,73.423,74.23,73.156
07/15/2024,73.413,N/A,70.88,73.426,71.858
07/14/2024,70.947,N/A,70.20,71.027,69.779
07/13/2024,70.107,N/A,69.30,70.357,69.633
07/12/2024,69.36,N/A,68.12,69.96,69.24
07/11/2024,68.125,N/A,66.961,68.452,66.802
07/10/2024,66.851,N/A,65.385,67.555,66.453
07/09/2024,65.315,N/A,65.203,65.323,64.537
07/08/2024,65.257,N/A,61.682,65.402,64.286
07/07/2024,61.635,N/A,65.067,62.113,59.30
07/06/2024,64.724,N/A,61.694,65.463,64.724
07/05/2024,61.863,N/A,58.658,63.046,61.427
07/04/2024,58.728,N/A,70.53,65.523,57.331
07/03/2024,70.597,N/A,75.507,72.416,69.39
07/02/2024,75.497,N/A,74.481,76.207,74.749
07/01/2024,74.588,N/A,75.527,74.725,74.294
06/30/2024,75.484,N/A,75.463,75.957,75.224
06/29/2024,75.54,N/A,73.65,75.616,74.62
06/28/2024,73.793,N/A,73.825,73.916,72.886
06/27/2024,73.778,N/A,70.982,73.816,72.899
06/26/2024,70.945,N/A,71.615,71.135,70.73
06/25/2024,71.62,N/A,70.083,71.95,71.127
06/24/2024,70.851,N/A,72.506,71.178,69.423
06/23/2024,72.614,N/A,74.725,73.428,72.265
06/22/2024,74.838,N/A,74.00,74.85,74.552
06/21/2024,73.922,N/A,74.34,74.208,73.57
06/20/2024,74.196,N/A,73.932,74.724,74.018
06/19/2024,73.921,N/A,73.331,74.95,72.504
06/18/2024,74.584,N/A,73.23,74.864,72.504
06/17/2024,73.094,N/A,78.28,76.745,71.691
06/16/2024,78.301,N/A,79.80,79.235,78.284
06/15/2024,79.172,N/A,77.09,79.463,77.47
06/14/2024,77.97,N/A,79.61,78.038,77.47
06/13/2024,79.677,N/A,77.957,79.771,78.983
06/12/2024,77.762,N/A,77.593,78.583,77.34
06/11/2024,77.47,N/A,78.22,77.493,76.359
06/10/2024,78.203,N/A,79.682,79.67,77.266
06/09/2024,79.692,N/A,79.708,80.495,79.688
06/08/2024,79.757,N/A,80.328,80.05,79.518
06/07/2024,80.366,N/A,84.196,80.45,79.878
06/06/2024,84.056,N/A,85.017,84.32,83.79
06/05/2024,84.972,N/A,83.93,85.47,84.777
06/04/2024,83.857,N/A,82.745,84.133,83.513
06/03/2024,82.702,N/A,83.334,83.119,82.545
06/02/2024,83.384,N/A,83.294,83.902,82.695
06/01/2024,83.297,N/A,83.20,83.508,83.096
05/31/2024,83.142,N/A,84.146,83.29,82.946
05/30/2024,84.17,N/A,83.842,84.58,84.016
05/29/2024,83.853,N/A,83.75,84.014,83.39
05/28/2024,83.047,N/A,84.492,85.522,82.521
05/27/2024,84.186,N/A,84.446,85.522,83.991
05/26/2024,84.46,N/A,84.93,84.641,83.826
05/25/2024,84.823,N/A,85.428,85.256,84.427
05/24/2024,85.435,N/A,85.81,85.44,84.692
05/23/2024,85.86,N/A,86.73,86.47,85.28
05/22/2024,86.568,N/A,87.35,86.801,85.67
05/21/2024,87.297,N/A,87.347,88.48,87.281
05/20/2024,87.407,N/A,83.283,89.531,87.386
05/19/2024,83.302,N/A,84.34,83.443,82.376
05/18/2024,84.297,N/A,84.297,84.383,83.783
05/17/2024,84.217,N/A,82.08,84.404,83.626
05/16/2024,82.103,N/A,82.485,82.703,82.043
05/15/2024,82.507,N/A,78.88,82.75,82.088
05/14/2024,78.822,N/A,80.12,79.05,78.45
05/13/2024,79.896,N/A,79.907,80.909,79.78
05/12/2024,79.78,N/A,81.431,81.937,78.979
05/11/2024,81.332,N/A,80.383,81.977,81.329
05/10/2024,80.357,N/A,83.015,81.001,80.16
05/09/2024,83.047,N/A,82.14,83.426,82.839
05/08/2024,82.183,N/A,80.805,82.763,81.66
05/07/2024,80.945,N/A,81.227,81.173,80.099
05/06/2024,80.477,N/A,80.784,81.483,80.032
05/05/2024,80.784,N/A,80.827,81.691,80.607
05/04/2024,81.084,N/A,82.00,81.741,80.396
05/03/2024,81.963,N/A,80.647,82.477,81.578
05/02/2024,78.833,N/A,76.074,80.41,78.657
05/01/2024,79.84,N/A,79.18,80.41,78.863
04/30/2024,79.477,N/A,83.343,79.889,78.568
04/29/2024,83.438,N/A,83.247,84.52,82.399
04/28/2024,83.804,N/A,84.66,85.569,83.784
04/27/2024,84.768,N/A,87.858,85.361,83.864
04/26/2024,87.82,N/A,84.96,88.453,85.488
04/25/2024,84.884,N/A,83.637,85.758,83.127
04/24/2024,83.431,N/A,86.003,83.847,81.969
04/23/2024,86.02,N/A,84.645,86.428,84.703
04/22/2024,84.732,N/A,85.349,85.662,84.59
04/21/2024,85.829,N/A,84.947,85.871,83.974
04/20/2024,85.266,N/A,81.453,85.936,80.277
04/19/2024,81.98,N/A,78.936,81.98,80.277
04/18/2024,79.073,N/A,80.35,80.766,76.034
04/17/2024,80.416,N/A,79.476,81.033,78.753
04/16/2024,79.337,N/A,77.408,80.47,79.273
04/15/2024,77.197,N/A,78.644,78.55,76.874
04/14/2024,78.71,N/A,75.631,79.762,78.136
04/13/2024,74.917,N/A,85.646,77.547,73.794
04/12/2024,85.484,N/A,98.34,86.092,82.978
04/11/2024,98.07,N/A,97.247,99.523,97.92
04/10/2024,96.257,N/A,97.677,98.283,93.865
04/09/2024,96.717,N/A,102.87,103.421,96.547
04/08/2024,102.15,N/A,100.757,103.421,101.599
04/07/2024,100.623,N/A,104.341,101.652,99.764
04/06/2024,104.46,N/A,98.18,105.80,100.882
04/05/2024,98.28,N/A,98.397,98.953,97.19
04/04/2024,97.981,N/A,100.828,98.979,96.784
04/03/2024,97.854,N/A,103.05,101.423,97.314
04/02/2024,103.357,N/A,96.10,109.613,101.14
04/01/2024,99.639,N/A,104.923,112.652,97.318
03/31/2024,110.023,N/A,103.049,112.652,104.546
03/30/2024,102.81,N/A,105.353,104.848,102.221
03/29/2024,105.006,N/A,94.477,108.979,104.909
03/28/2024,94.814,N/A,95.114,95.416,93.495
03/27/2024,95.318,N/A,97.132,95.95,93.495
03/26/2024,97.045,N/A,91.23,98.77,95.572
03/25/2024,90.963,N/A,89.872,91.255,90.21
03/24/2024,89.726,N/A,86.976,89.951,88.663
03/23/2024,86.852,N/A,83.757,87.236,85.25
03/22/2024,83.871,N/A,85.737,85.143,82.945
03/21/2024,85.81,N/A,85.538,85.93,84.223
03/20/2024,85.141,N/A,78.907,86.177,84.107
03/19/2024,79.702,N/A,83.91,80.714,78.413
03/15/2024,89.273,N/A,95.969,95.374,87.223
03/14/2024,90.304,N/A,96.004,95.374,87.563
03/13/2024,95.954,N/A,98.133,97.241,95.78
03/12/2024,98.293,N/A,98.918,98.795,97.143
03/11/2024,99.319,N/A,86.82,104.245,99.255
03/10/2024,86.676,N/A,89.174,87.68,83.797
03/09/2024,89.358,N/A,88.447,90.794,89.02
03/08/2024,88.513,N/A,88.634,90.13,88.14
03/07/2024,88.413,N/A,84.819,89.25,87.577
08/10/2023,83.24,N/A,84.14,83.34,83.13
08/09/2023,84.18,N/A,83.77,84.38,84.00
08/08/2023,83.76,N/A,82.35,84.38,83.57
08/07/2023,82.34,N/A,83.19,82.65,81.79
08/06/2023,83.21,N/A,83.30,83.43,82.20
08/05/2023,83.25,N/A,82.22,83.48,82.78
08/04/2023,82.16,N/A,82.84,82.57,81.47
08/03/2023,82.71,N/A,87.41,83.22,82.52
08/02/2023,87.41,N/A,92.79,88.38,87.35
08/01/2023,92.90,N/A,90.04,94.50,92.54
07/31/2023,90.10,N/A,94.08,92.79,89.36
07/30/2023,94.09,N/A,94.62,95.02,93.81
07/29/2023,91.04,N/A,90.99,91.70,90.99
07/28/2023,91.07,N/A,90.99,91.70,90.99
07/27/2023,90.81,N/A,91.08,91.22,90.55
07/26/2023,91.28,N/A,89.64,91.91,90.36
07/25/2023,89.76,N/A,89.02,90.08,89.10
07/24/2023,89.05,N/A,92.07,89.87,88.75
07/23/2023,92.16,N/A,92.53,93.35,92.04
07/22/2023,92.60,N/A,94.72,92.62,91.58
07/21/2023,94.76,N/A,92.62,96.29,94.10
07/20/2023,92.75,N/A,92.11,93.03,91.79
07/19/2023,92.00,N/A,93.50,92.69,91.78
07/18/2023,93.71,N/A,92.14,94.17,91.45
07/17/2023,92.05,N/A,93.30,92.93,91.88
07/16/2023,93.25,N/A,94.24,93.56,91.96
07/15/2023,94.57,N/A,94.66,95.25,93.46
07/14/2023,94.76,N/A,101.50,95.76,94.32
07/13/2023,101.32,N/A,96.17,103.44,101.23
07/12/2023,95.90,N/A,97.03,96.55,95.64
07/11/2023,96.90,N/A,97.02,97.47,96.53
07/10/2023,97.00,N/A,93.83,97.90,96.12
07/09/2023,93.85,N/A,97.23,95.12,92.46
07/08/2023,97.27,N/A,97.24,98.37,97.15
07/07/2023,97.15,N/A,97.19,98.47,97.07
07/06/2023,97.18,N/A,103.76,97.44,94.66
07/05/2023,103.70,N/A,105.72,103.95,101.69
07/04/2023,105.48,N/A,108.76,105.94,104.14
07/03/2023,109.05,N/A,112.77,109.42,105.60
07/02/2023,112.82,N/A,105.87,114.76,111.78
07/01/2023,106.00,N/A,106.88,108.59,105.80
06/30/2023,106.89,N/A,88.84,109.81,104.90
06/29/2023,94.86,N/A,83.39,95.24,84.30
06/28/2023,83.62,N/A,86.90,83.80,82.98
06/27/2023,87.32,N/A,88.45,88.07,86.77
06/26/2023,87.91,N/A,86.98,88.50,86.95
06/25/2023,87.24,N/A,89.98,88.82,86.36
06/24/2023,89.96,N/A,92.14,90.05,88.80
06/23/2023,92.44,N/A,86.32,93.71,89.63
06/22/2023,86.36,N/A,87.86,86.98,85.62
06/21/2023,87.78,N/A,82.13,88.84,84.76
06/20/2023,81.96,N/A,77.35,82.86,80.01
06/19/2023,77.44,N/A,77.12,78.32,77.35
06/18/2023,77.20,N/A,77.18,77.50,76.90
06/17/2023,77.20,N/A,76.16,77.30,76.40
06/16/2023,76.14,N/A,75.24,76.31,75.73
06/15/2023,75.22,N/A,73.13,75.46,74.20
06/14/2023,73.19,N/A,77.89,73.78,73.01
06/13/2023,77.85,N/A,78.27,78.12,77.13
06/12/2023,78.42,N/A,76.18,78.48,76.80
06/11/2023,76.17,N/A,77.20,77.77,75.35
06/10/2023,77.15,N/A,85.37,77.22,76.38
06/09/2023,85.74,N/A,87.63,89.33,85.07
06/08/2023,87.61,N/A,88.32,88.50,87.11
06/07/2023,88.17,N/A,90.14,89.51,87.57
06/06/2023,90.09,N/A,87.40,91.20,89.38
06/05/2023,87.34,N/A,92.90,88.18,86.60
06/04/2023,92.88,N/A,95.28,94.54,92.31
06/03/2023,95.26,N/A,94.55,96.02,94.70
06/02/2023,94.60,N/A,95.08,95.48,94.22
06/01/2023,95.01,N/A,90.90,95.43,92.81
05/31/2023,90.41,N/A,91.74,91.68,89.43
05/30/2023,91.82,N/A,91.21,92.68,91.47
05/29/2023,91.29,N/A,91.24,91.44,90.57
05/28/2023,90.73,N/A,89.86,92.16,90.70
05/27/2023,89.92,N/A,87.83,89.98,88.22
05/26/2023,87.77,N/A,86.86,88.03,86.92
05/25/2023,86.68,N/A,84.30,87.82,86.23
05/24/2023,84.28,N/A,89.23,86.00,83.00
05/23/2023,89.12,N/A,92.73,91.86,88.67
05/22/2023,92.90,N/A,90.75,92.91,90.42
05/21/2023,90.88,N/A,92.29,92.79,89.92
05/20/2023,92.30,N/A,91.49,92.73,91.86
05/19/2023,91.46,N/A,92.51,91.80,90.71
05/18/2023,92.67,N/A,93.78,92.71,90.29
05/17/2023,94.00,N/A,92.66,94.14,93.15
05/16/2023,93.00,N/A,87.49,93.58,89.65
05/15/2023,87.31,N/A,84.77,88.06,86.21
05/14/2023,85.42,N/A,80.72,85.53,82.21
05/13/2023,80.75,N/A,80.16,80.79,79.73
05/12/2023,80.37,N/A,79.08,80.83,80.10
05/11/2023,78.31,N/A,80.36,81.46,78.22
05/10/2023,80.40,N/A,79.80,80.98,79.83
05/09/2023,79.81,N/A,78.14,80.94,79.60
05/08/2023,78.02,N/A,82.32,78.18,77.31
05/07/2023,82.13,N/A,83.13,85.17,80.38
05/06/2023,83.21,N/A,87.33,83.97,82.98
05/05/2023,87.18,N/A,88.14,89.24,87.01
05/04/2023,88.09,N/A,88.47,88.95,88.07
05/03/2023,88.22,N/A,87.58,89.15,88.12
05/02/2023,87.68,N/A,87.26,88.20,87.40
05/01/2023,87.21,N/A,87.49,87.37,86.07
04/30/2023,87.43,N/A,90.34,88.86,86.42
04/29/2023,90.46,N/A,89.72,91.10,89.76
04/28/2023,89.78,N/A,88.91,90.13,89.34
04/27/2023,88.92,N/A,88.58,89.81,88.77
04/26/2023,88.77,N/A,90.91,90.59,88.03
04/25/2023,90.98,N/A,87.41,91.44,90.74
04/24/2023,87.29,N/A,87.60,88.71,87.22
04/23/2023,87.61,N/A,86.24,88.44,86.25
04/22/2023,86.22,N/A,85.51,87.01,85.57
04/21/2023,85.37,N/A,90.19,85.88,84.81
04/20/2023,90.18,N/A,89.59,90.81,89.26
04/19/2023,90.49,N/A,101.08,91.26,89.10
04/18/2023,100.57,N/A,101.95,101.78,100.57
04/17/2023,101.74,N/A,99.15,102.17,97.79
04/16/2023,98.86,N/A,96.16,100.28,97.51
04/15/2023,95.97,N/A,95.44,96.80,95.10
04/14/2023,95.64,N/A,97.64,96.36,94.75
04/13/2023,97.61,N/A,92.48,98.20,94.02
04/12/2023,92.51,N/A,91.59,92.68,91.70
04/11/2023,91.59,N/A,94.30,94.65,90.95
04/10/2023,94.23,N/A,90.38,94.94,93.18
04/09/2023,90.42,N/A,90.66,90.95,89.86
04/08/2023,90.68,N/A,90.76,90.71,89.89
04/07/2023,90.80,N/A,90.78,90.80,90.15
04/06/2023,90.80,N/A,92.50,91.47,90.55
04/05/2023,92.47,N/A,93.89,92.67,91.22
04/04/2023,93.93,N/A,92.28,94.39,91.85
04/03/2023,92.30,N/A,90.95,93.50,92.04
04/02/2023,91.27,N/A,92.56,93.48,90.49
04/01/2023,92.63,N/A,89.57,94.09,89.38
03/31/2023,93.18,N/A,89.79,94.04,89.38
03/30/2023,89.70,N/A,90.00,90.04,88.51
03/29/2023,90.41,N/A,89.53,93.26,88.66
03/28/2023,89.48,N/A,86.54,90.02,88.98
03/27/2023,86.64,N/A,92.51,89.42,86.26
03/26/2023,92.48,N/A,93.33,93.66,91.85
03/25/2023,92.99,N/A,92.81,93.93,90.64
03/24/2023,92.02,N/A,92.90,93.97,91.85
03/23/2023,93.15,N/A,87.01,94.07,92.37
03/22/2023,87.55,N/A,81.59,88.74,85.60
03/21/2023,81.64,N/A,78.70,82.46,80.87
03/20/2023,78.41,N/A,81.31,79.62,77.84
03/19/2023,80.88,N/A,83.75,84.22,80.88
03/18/2023,83.79,N/A,86.51,84.49,83.01
03/17/2023,86.59,N/A,81.06,87.85,84.67
03/16/2023,80.82,N/A,77.71,81.48,78.20
03/15/2023,77.49,N/A,84.40,78.07,75.64
03/14/2023,84.18,N/A,81.32,85.12,82.67
03/13/2023,81.06,N/A,77.45,81.60,80.40
03/12/2023,77.45,N/A,68.90,79.09,75.61
03/11/2023,69.11,N/A,71.57,69.64,68.39
03/10/2023,71.57,N/A,74.63,73.74,71.19
03/09/2023,74.70,N/A,83.31,76.81,73.87
03/08/2023,83.31,N/A,85.86,83.46,82.21
03/07/2023,85.81,N/A,88.08,86.65,85.25
03/06/2023,87.91,N/A,88.75,88.94,87.30
03/05/2023,88.71,N/A,91.16,90.60,88.43
03/04/2023,91.14,N/A,90.37,91.73,89.19
03/03/2023,90.27,N/A,89.30,90.83,90.14
03/02/2023,89.21,N/A,97.28,95.42,86.12
03/01/2023,97.19,N/A,97.08,98.27,96.70
02/28/2023,96.87,N/A,94.03,96.91,93.64
02/27/2023,93.98,N/A,94.62,94.70,93.77
02/26/2023,94.55,N/A,93.77,95.74,94.46
02/25/2023,93.59,N/A,91.52,93.78,92.79
02/24/2023,91.49,N/A,94.09,92.04,91.02
02/23/2023,94.20,N/A,95.70,95.21,94.07
02/22/2023,95.51,N/A,94.78,96.25,94.85
02/21/2023,94.78,N/A,96.09,95.26,92.56
02/20/2023,95.94,N/A,97.74,96.76,95.72
02/19/2023,98.03,N/A,99.79,98.23,95.76
02/18/2023,99.85,N/A,100.83,100.14,99.46
02/17/2023,100.86,N/A,99.84,101.86,100.02
02/16/2023,99.76,N/A,102.16,100.56,98.29
02/15/2023,96.26,N/A,90.94,97.16,95.06
02/14/2023,95.70,N/A,90.66,95.86,95.06
02/13/2023,90.75,N/A,92.81,91.19,90.35
02/12/2023,92.93,N/A,93.30,94.95,91.98
02/11/2023,93.22,N/A,94.39,94.57,93.06
02/10/2023,94.50,N/A,92.43,94.81,92.92
02/09/2023,92.35,N/A,96.55,92.67,91.59
02/08/2023,96.55,N/A,101.05,99.48,95.29
02/07/2023,100.99,N/A,99.08,101.78,100.56
02/06/2023,99.17,N/A,96.07,99.51,95.90
02/05/2023,98.65,N/A,98.55,98.88,97.80
02/04/2023,98.68,N/A,98.80,98.88,97.80
02/03/2023,98.77,N/A,98.94,101.33,98.70
02/02/2023,99.18,N/A,100.87,100.44,98.19
02/01/2023,101.28,N/A,97.46,102.11,100.08
01/31/2023,97.08,N/A,95.31,97.40,93.81
01/30/2023,95.02,N/A,95.13,96.26,91.38
01/29/2023,95.06,N/A,88.40,96.32,89.67
01/28/2023,94.52,N/A,88.53,96.32,89.67
01/27/2023,89.20,N/A,86.83,89.90,88.42
01/26/2023,86.91,N/A,89.26,87.72,85.82
01/25/2023,89.28,N/A,87.52,89.92,88.86
01/24/2023,87.68,N/A,90.62,87.84,85.56
01/23/2023,90.75,N/A,88.27,91.04,89.60
01/22/2023,88.24,N/A,89.02,88.53,87.56
01/21/2023,88.99,N/A,89.87,88.99,87.34
01/20/2023,89.98,N/A,83.56,90.64,89.14
01/19/2023,83.91,N/A,83.51,84.86,83.68
01/18/2023,83.54,N/A,87.60,83.60,82.45
01/17/2023,87.57,N/A,85.96,88.36,86.86
01/16/2023,85.84,N/A,87.86,86.45,84.74
01/15/2023,87.83,N/A,86.98,89.09,87.23
01/14/2023,86.82,N/A,88.98,88.10,85.51
01/13/2023,88.70,N/A,84.92,90.75,86.08
01/12/2023,85.02,N/A,84.64,86.69,84.53
01/11/2023,84.66,N/A,80.52,85.68,83.49
01/10/2023,80.43,N/A,81.51,81.46,79.90
01/09/2023,81.21,N/A,81.64,82.84,80.25
01/08/2023,81.88,N/A,75.49,82.68,78.16
01/07/2023,75.55,N/A,75.69,76.48,75.28
01/06/2023,75.84,N/A,74.29,76.58,75.61
01/05/2023,74.10,N/A,76.05,75.44,73.88
01/04/2023,76.09,N/A,76.87,76.16,74.90
01/03/2023,76.83,N/A,75.32,77.84,75.35
01/02/2023,75.44,N/A,70.96,75.73,74.49
01/01/2023,70.40,N/A,69.56,71.07,70.08
12/31/2022,69.33,N/A,68.01,70.16,69.19
12/30/2022,67.90,N/A,67.15,68.34,67.62
12/29/2022,66.89,N/A,66.35,67.62,66.49
12/28/2022,66.29,N/A,68.51,66.75,65.58
12/27/2022,68.40,N/A,70.45,69.45,67.85
12/26/2022,70.35,N/A,68.93,71.02,70.10
12/25/2022,68.86,N/A,65.72,69.42,68.63
12/24/2022,65.73,N/A,65.58,65.99,65.69
12/23/2022,65.60,N/A,66.28,65.82,65.35
12/22/2022,66.13,N/A,65.56,66.66,65.97
12/21/2022,65.70,N/A,64.84,65.70,64.95
12/20/2022,64.95,N/A,65.41,66.78,64.77
12/19/2022,65.40,N/A,62.75,65.85,63.11
12/18/2022,62.74,N/A,64.93,64.93,62.23
12/17/2022,65.36,N/A,66.70,65.74,64.23
12/16/2022,66.64,N/A,72.97,67.59,65.83
12/15/2022,73.14,N/A,74.96,73.41,72.24
12/14/2022,74.60,N/A,78.05,75.44,73.97
12/13/2022,78.07,N/A,76.90,78.81,77.39
12/12/2022,76.45,N/A,74.49,77.23,75.84
12/11/2022,74.53,N/A,77.36,76.69,73.63
12/10/2022,77.23,N/A,76.40,77.89,76.35
12/09/2022,76.43,N/A,78.00,76.76,75.93
12/08/2022,78.00,N/A,75.75,78.77,77.64
12/07/2022,75.93,N/A,79.75,77.25,75.78
12/06/2022,79.57,N/A,80.68,80.12,78.69
12/05/2022,80.81,N/A,83.34,81.68,80.12
12/04/2022,82.54,N/A,76.90,82.74,76.86
12/03/2022,77.07,N/A,76.48,78.03,76.84
12/02/2022,77.34,N/A,75.96,78.03,76.84
12/01/2022,76.22,N/A,77.43,77.66,75.47
11/30/2022,76.85,N/A,78.63,80.52,76.54
11/29/2022,78.42,N/A,75.77,80.52,75.56
11/28/2022,77.43,N/A,71.98,77.47,73.53
11/27/2022,71.98,N/A,76.43,75.31,71.43
11/26/2022,76.79,N/A,77.76,78.22,76.38
11/25/2022,76.77,N/A,76.97,76.77,73.91
11/24/2022,77.01,N/A,77.46,79.15,76.19
11/23/2022,77.47,N/A,81.44,78.99,76.29
11/22/2022,81.17,N/A,62.36,81.91,69.66
11/21/2022,62.54,N/A,60.01,62.91,61.22
11/20/2022,62.95,N/A,62.33,64.63,62.90
11/18/2022,62.40,N/A,62.24,63.82,61.63
11/17/2022,62.16,N/A,57.16,63.23,56.92
11/16/2022,56.92,N/A,58.04,60.16,56.82
11/15/2022,59.41,N/A,57.89,59.47,57.71
11/14/2022,57.89,N/A,55.02,58.48,56.50
11/13/2022,54.87,N/A,59.44,57.76,54.64
11/12/2022,59.58,N/A,58.73,60.29,59.53
11/11/2022,59.28,N/A,61.26,61.69,59.02
11/10/2022,61.14,N/A,54.39,63.78,59.40
11/09/2022,53.98,N/A,59.26,54.35,50.08
11/08/2022,59.00,N/A,64.00,59.73,56.95
11/07/2022,63.99,N/A,72.03,68.42,63.67
11/06/2022,71.69,N/A,68.97,72.94,68.14
11/05/2022,69.11,N/A,68.47,69.36,68.14
11/04/2022,67.80,N/A,62.45,68.70,67.11
11/03/2022,62.35,N/A,63.28,62.53,61.69
11/02/2022,63.32,N/A,55.41,64.54,60.25
11/01/2022,55.51,N/A,54.96,55.74,54.75
10/31/2022,54.96,N/A,55.34,55.33,54.92
10/30/2022,55.26,N/A,56.65,55.64,54.26
10/29/2022,56.74,N/A,55.51,57.47,55.78
10/28/2022,55.33,N/A,54.57,55.42,54.70
10/27/2022,54.52,N/A,56.25,54.92,54.26
10/26/2022,56.17,N/A,56.38,56.64,55.72
10/25/2022,56.42,N/A,52.81,56.64,55.70
10/24/2022,52.83,N/A,53.39,52.95,52.40
10/23/2022,53.44,N/A,52.22,54.20,53.20
10/22/2022,52.21,N/A,51.55,52.30,51.83
10/21/2022,51.53,N/A,50.91,51.72,51.37
10/20/2022,50.97,N/A,50.97,51.28,50.77
10/19/2022,50.95,N/A,51.64,51.26,50.58
10/18/2022,51.69,N/A,51.56,52.00,51.56
10/17/2022,51.87,N/A,51.20,52.04,51.45
10/16/2022,51.31,N/A,50.56,51.54,51.07
10/15/2022,50.62,N/A,51.39,50.92,50.33
10/14/2022,51.35,N/A,52.29,51.41,51.15
10/13/2022,52.42,N/A,51.80,52.57,50.92
10/12/2022,51.93,N/A,52.27,52.50,51.58
10/11/2022,52.18,N/A,51.63,52.42,51.89
10/10/2022,51.66,N/A,54.09,52.60,51.36
10/09/2022,54.02,N/A,52.92,54.45,53.67
10/08/2022,52.81,N/A,53.21,52.99,52.70
10/07/2022,53.24,N/A,53.51,53.30,52.76
10/06/2022,53.57,N/A,54.76,53.73,53.23
10/05/2022,54.71,N/A,54.88,55.05,54.58
10/04/2022,54.96,N/A,54.34,55.27,54.62
10/03/2022,54.30,N/A,52.43,54.49,54.02
10/02/2022,52.45,N/A,52.88,52.66,51.63
10/01/2022,53.01,N/A,53.47,53.16,52.70
09/30/2022,53.47,N/A,53.68,53.65,53.25
09/29/2022,53.48,N/A,53.41,54.18,53.42
09/28/2022,53.48,N/A,51.93,53.74,53.07
09/27/2022,51.76,N/A,54.95,52.93,51.10
09/26/2022,54.96,N/A,52.89,55.36,53.31
09/25/2022,52.88,N/A,54.22,53.18,52.21
09/24/2022,54.11,N/A,54.73,54.27,53.36
09/23/2022,54.78,N/A,54.04,55.59,54.67
09/22/2022,54.32,N/A,51.64,54.43,52.91
09/21/2022,51.66,N/A,52.42,52.12,50.65
09/20/2022,52.32,N/A,52.08,52.77,52.08
09/19/2022,51.98,N/A,51.19,53.21,51.26
09/18/2022,51.26,N/A,57.29,53.70,50.29
09/17/2022,57.02,N/A,56.31,57.83,56.98
09/16/2022,56.27,N/A,55.86,56.67,55.81
09/15/2022,55.84,N/A,59.04,56.90,55.34
09/14/2022,59.01,N/A,59.95,60.30,58.34
09/13/2022,60.04,N/A,61.92,60.08,58.68
09/12/2022,61.43,N/A,60.68,61.47,60.28
09/11/2022,60.68,N/A,63.74,63.19,60.63
09/10/2022,63.59,N/A,61.43,64.41,63.24
09/09/2022,61.54,N/A,59.44,61.94,60.70
09/08/2022,59.54,N/A,56.83,59.89,57.71
09/07/2022,56.90,N/A,53.48,57.52,56.46
09/06/2022,53.48,N/A,60.18,54.28,53.00
09/05/2022,60.09,N/A,60.65,62.65,59.61
09/04/2022,60.65,N/A,59.76,61.57,59.95
09/03/2022,59.75,N/A,61.30,60.31,59.12
09/02/2022,61.38,N/A,57.77,61.60,60.27
09/01/2022,57.82,N/A,54.31,58.04,56.54
08/31/2022,54.43,N/A,54.73,56.06,53.24
08/30/2022,54.60,N/A,55.65,55.10,52.96
08/29/2022,55.55,N/A,54.81,55.80,54.49
08/28/2022,54.90,N/A,52.87,55.45,52.59
08/27/2022,52.84,N/A,52.73,53.40,52.48
08/26/2022,52.81,N/A,56.24,52.96,52.32
08/25/2022,56.45,N/A,56.24,56.90,55.98
08/24/2022,56.09,N/A,55.96,56.90,55.98
08/23/2022,55.99,N/A,56.07,57.14,55.65
08/22/2022,56.48,N/A,54.70,57.49,56.48
08/21/2022,55.19,N/A,54.98,55.24,53.82
08/20/2022,53.94,N/A,55.00,54.62,53.85
08/19/2022,54.92,N/A,58.77,55.48,53.99
08/18/2022,58.73,N/A,60.84,60.19,58.07
08/17/2022,60.83,N/A,63.75,61.11,60.04
08/16/2022,63.78,N/A,60.65,64.30,61.28
08/15/2022,60.66,N/A,64.88,61.65,60.04
08/14/2022,64.67,N/A,64.63,65.31,62.90
08/13/2022,64.75,N/A,63.56,64.85,63.38
08/12/2022,63.62,N/A,61.96,63.74,62.65
08/11/2022,61.74,N/A,61.83,62.20,60.82
08/10/2022,62.04,N/A,58.43,62.58,61.49
08/09/2022,58.28,N/A,62.41,59.17,57.75
08/08/2022,62.34,N/A,61.36,62.79,62.03
08/07/2022,61.31,N/A,60.45,61.45,60.81
08/06/2022,60.39,N/A,61.98,61.19,59.92
08/05/2022,61.61,N/A,61.28,62.50,61.50
08/04/2022,61.51,N/A,58.83,61.55,59.65
08/03/2022,58.78,N/A,57.54,59.16,57.63
08/02/2022,57.54,N/A,57.19,58.31,56.71
08/01/2022,57.28,N/A,60.02,59.81,56.85
07/31/2022,60.05,N/A,60.92,60.67,59.37
07/30/2022,60.73,N/A,61.23,61.41,60.10
07/29/2022,61.31,N/A,63.62,61.92,60.43
07/28/2022,63.70,N/A,60.01,63.92,62.37
07/27/2022,60.01,N/A,53.11,60.55,58.73
07/26/2022,53.08,N/A,53.55,53.98,53.02
07/25/2022,53.52,N/A,56.12,54.12,52.99
07/24/2022,56.02,N/A,56.94,58.91,55.97
07/23/2022,56.83,N/A,56.44,57.28,56.35
07/22/2022,56.58,N/A,57.57,56.67,55.49
07/21/2022,57.63,N/A,55.69,58.54,57.48
07/20/2022,55.90,N/A,58.37,57.84,55.37
07/19/2022,58.39,N/A,56.34,58.62,57.00
07/18/2022,56.37,N/A,57.42,59.47,56.37
07/17/2022,57.42,N/A,55.56,57.86,55.36
07/16/2022,55.50,N/A,51.48,56.13,54.61
07/15/2022,51.54,N/A,51.35,51.86,51.13
07/14/2022,51.20,N/A,49.34,51.88,50.68
07/13/2022,49.39,N/A,47.85,49.82,49.28
07/12/2022,47.83,N/A,48.72,48.26,46.86
07/11/2022,48.68,N/A,51.41,49.34,48.31
07/10/2022,51.40,N/A,53.89,52.20,51.07
07/09/2022,54.10,N/A,51.89,54.52,53.44
07/08/2022,51.96,N/A,53.57,52.16,51.27
07/07/2022,53.56,N/A,50.01,53.98,51.87
07/06/2022,50.03,N/A,49.81,50.58,49.86
07/05/2022,49.82,N/A,51.80,50.26,48.99
07/03/2022,50.07,N/A,50.75,50.62,49.11
07/02/2022,50.55,N/A,50.71,50.62,50.07
07/01/2022,50.67,N/A,53.63,51.62,50.44
06/30/2022,53.88,N/A,53.20,56.15,53.41
06/29/2022,53.05,N/A,52.90,53.97,52.40
06/28/2022,52.68,N/A,54.71,53.40,52.29
06/27/2022,54.61,N/A,57.83,56.50,53.97
06/26/2022,57.68,N/A,59.94,58.16,56.51
06/25/2022,59.67,N/A,56.47,59.74,58.50
06/24/2022,56.68,N/A,55.86,56.98,55.41
06/23/2022,55.91,N/A,54.27,57.15,55.68
06/22/2022,54.36,N/A,51.36,55.06,51.96
06/21/2022,51.23,N/A,52.93,53.53,51.23
06/20/2022,53.05,N/A,52.93,53.55,51.92
06/19/2022,52.85,N/A,45.30,54.48,51.55
06/18/2022,45.93,N/A,47.49,47.23,45.41
06/17/2022,47.52,N/A,45.69,48.22,46.83
06/16/2022,45.86,N/A,49.69,47.01,44.46
06/15/2022,49.88,N/A,44.74,51.18,49.85
06/14/2022,44.92,N/A,44.50,46.66,44.75
06/13/2022,44.30,N/A,45.40,44.60,40.40
06/12/2022,45.40,N/A,49.30,48.30,44.10
06/11/2022,49.90,N/A,57.20,52.60,49.00
06/10/2022,57.50,N/A,59.80,57.70,56.60
06/09/2022,60.00,N/A,61.40,60.40,58.80
06/08/2022,61.40,N/A,64.00,61.80,60.90
06/07/2022,62.40,N/A,60.60,64.50,62.10
06/06/2022,61.20,N/A,65.10,64.40,60.30
06/05/2022,65.50,N/A,62.90,65.70,62.90
06/04/2022,62.80,N/A,61.70,63.80,62.40
06/03/2022,61.80,N/A,64.60,62.80,61.40
06/02/2022,64.50,N/A,63.00,64.90,64.10
06/01/2022,62.50,N/A,68.90,63.40,62.40
05/31/2022,68.90,N/A,69.40,70.50,68.00
05/30/2022,65.90,N/A,63.20,67.10,63.30
05/29/2022,65.50,N/A,62.30,66.30,63.30
05/28/2022,62.10,N/A,62.40,63.20,61.90
05/27/2022,62.30,N/A,62.90,62.80,61.30
05/26/2022,63.00,N/A,68.10,64.00,61.20
05/25/2022,67.90,N/A,71.00,68.80,67.60
05/24/2022,71.00,N/A,69.90,71.60,69.70
05/23/2022,69.70,N/A,71.20,70.10,68.80
05/22/2022,71.30,N/A,69.90,72.00,70.50
05/21/2022,69.80,N/A,69.70,70.20,69.80
05/20/2022,69.60,N/A,69.30,69.60,67.90
05/19/2022,69.40,N/A,67.50,73.40,69.00
05/18/2022,67.70,N/A,71.30,67.90,64.80
05/17/2022,71.20,N/A,70.80,74.40,71.20
05/16/2022,70.90,N/A,68.40,71.00,67.10
05/15/2022,68.10,N/A,66.70,71.60,68.10
05/14/2022,66.70,N/A,69.20,69.20,66.00
05/13/2022,68.90,N/A,69.50,70.30,67.30
05/12/2022,69.50,N/A,62.20,69.70,63.30
05/11/2022,63.70,N/A,79.40,69.70,63.30
05/10/2022,79.60,N/A,78.40,81.00,78.70
05/09/2022,78.50,N/A,91.60,79.10,73.50
05/08/2022,92.00,N/A,93.00,94.90,90.70
05/07/2022,92.80,N/A,95.70,94.70,91.70
05/06/2022,96.00,N/A,96.90,97.00,95.80
05/05/2022,96.80,N/A,106.20,97.30,95.80
05/04/2022,106.30,N/A,100.10,106.90,106.00
05/03/2022,100.00,N/A,101.00,100.60,99.00
05/02/2022,101.10,N/A,100.20,101.30,100.20
05/01/2022,100.20,N/A,96.10,100.30,99.20
04/30/2022,96.20,N/A,101.30,96.60,94.60
04/29/2022,101.20,N/A,102.70,101.20,100.20
04/28/2022,103.00,N/A,100.10,104.30,102.30
04/27/2022,100.00,N/A,99.30,101.20,99.80
04/26/2022,99.10,N/A,104.40,99.10,97.80
04/25/2022,104.50,N/A,102.00,105.40,104.30
04/24/2022,101.90,N/A,104.80,104.80,100.90
04/23/2022,105.30,N/A,105.70,105.90,104.60
04/22/2022,105.30,N/A,107.10,106.00,105.00
04/21/2022,107.40,N/A,112.30,107.80,106.30
04/20/2022,112.30,N/A,112.60,112.60,111.70
04/19/2022,112.50,N/A,111.90,113.80,112.10
04/18/2022,112.00,N/A,109.70,112.30,111.20
04/17/2022,114.00,N/A,111.90,115.10,112.70
04/16/2022,113.90,N/A,111.80,115.10,113.60
04/15/2022,111.80,N/A,110.40,112.40,110.70
04/14/2022,110.20,N/A,111.90,110.30,107.10
04/13/2022,111.80,N/A,105.00,112.00,110.00
04/12/2022,105.10,N/A,102.40,105.50,104.00
04/11/2022,102.30,N/A,108.20,103.40,101.90
04/10/2022,108.10,N/A,112.50,110.70,107.30
04/09/2022,112.60,N/A,111.00,113.00,112.30
04/08/2022,111.10,N/A,114.50,111.60,110.00
04/07/2022,114.30,N/A,112.10,114.80,113.50
04/06/2022,111.80,N/A,120.00,113.80,110.30
04/05/2022,120.20,N/A,124.90,123.00,118.30
04/04/2022,125.20,N/A,125.90,125.60,124.50
04/03/2022,126.20,N/A,125.00,128.90,125.70
04/02/2022,125.20,N/A,125.90,128.30,124.00
04/01/2022,126.20,N/A,120.90,127.20,124.20
03/31/2022,120.50,N/A,131.40,124.90,119.20
03/30/2022,131.50,N/A,128.10,132.90,131.00
03/29/2022,128.10,N/A,129.00,130.10,126.00
03/28/2022,129.00,N/A,130.20,130.60,127.30
03/27/2022,130.70,N/A,123.30,130.70,123.30
03/26/2022,125.50,N/A,124.30,125.70,124.70
03/25/2022,123.90,N/A,126.30,124.40,122.90
03/24/2022,126.30,N/A,120.60,127.00,125.20
03/23/2022,120.80,N/A,120.10,123.10,120.80
03/22/2022,119.90,N/A,119.30,124.40,119.90
03/21/2022,119.70,N/A,114.20,121.00,115.60
03/20/2022,114.20,N/A,116.40,116.60,113.20
03/19/2022,116.40,N/A,112.30,118.20,115.30
03/18/2022,111.70,N/A,108.70,112.90,111.50
03/17/2022,108.40,N/A,110.20,110.30,107.90
03/16/2022,110.00,N/A,109.60,111.60,109.70
03/15/2022,106.80,N/A,105.60,111.90,106.50
03/14/2022,104.90,N/A,101.50,106.50,104.80
03/13/2022,101.80,N/A,106.90,102.80,100.90
03/12/2022,106.40,N/A,106.40,107.30,105.20
03/11/2022,107.40,N/A,101.10,108.00,104.60
03/10/2022,100.70,N/A,104.50,102.80,99.90
03/09/2022,102.10,N/A,106.50,107.00,101.60
03/08/2022,106.50,N/A,100.50,106.50,100.50
03/07/2022,99.70,N/A,99.30,101.10,97.80
03/06/2022,99.30,N/A,103.70,101.30,98.30
03/03/2022,111.40,N/A,110.40,113.00,108.40
03/02/2022,110.40,N/A,113.00,111.70,109.30
03/01/2022,113.50,N/A,113.10,114.60,110.60
02/28/2022,112.90,N/A,103.00,115.70,111.90
02/27/2022,102.90,N/A,105.80,104.50,101.80
02/26/2022,105.90,N/A,111.80,108.60,104.90
02/25/2022,111.90,N/A,104.10,114.20,108.90
02/24/2022,104.10,N/A,98.10,106.10,103.20
02/23/2022,98.00,N/A,107.10,106.10,96.60
02/22/2022,106.70,N/A,101.50,107.80,105.60
02/21/2022,101.80,N/A,114.30,104.60,100.40
02/20/2022,113.70,N/A,112.50,114.20,110.20
02/19/2022,112.70,N/A,115.80,115.80,112.40
02/18/2022,116.30,N/A,116.30,116.80,114.40
02/17/2022,116.70,N/A,126.10,117.70,115.30
02/16/2022,126.30,N/A,128.40,129.00,125.00
02/15/2022,128.40,N/A,127.40,131.60,127.60
02/14/2022,127.50,N/A,123.60,128.70,123.90
02/13/2022,123.30,N/A,126.00,126.00,122.10
02/12/2022,125.60,N/A,124.20,127.70,125.40
02/11/2022,124.30,N/A,132.40,125.80,123.70
02/10/2022,132.20,N/A,137.40,134.60,130.10
02/09/2022,136.70,N/A,136.90,140.10,136.20
02/08/2022,137.70,N/A,141.00,137.70,132.10
02/07/2022,139.90,N/A,126.90,142.50,135.20
02/06/2022,126.90,N/A,122.20,127.60,125.10
02/05/2022,122.20,N/A,121.70,123.50,121.40
02/04/2022,121.70,N/A,109.30,122.30,118.90
02/03/2022,109.50,N/A,108.00,110.90,108.70
02/02/2022,108.10,N/A,114.50,109.10,107.10
02/01/2022,114.20,N/A,110.70,116.00,113.30
01/31/2022,110.60,N/A,104.90,111.60,108.30
01/30/2022,105.20,N/A,110.30,108.80,104.40
01/29/2022,110.10,N/A,109.10,110.90,109.10
01/28/2022,109.20,N/A,107.40,110.40,108.60
01/27/2022,107.30,N/A,104.80,108.40,105.40
01/26/2022,104.70,N/A,110.00,107.80,103.30
01/25/2022,108.10,N/A,100.70,109.50,105.90
01/24/2022,106.60,N/A,108.00,109.50,106.40
01/23/2022,107.70,N/A,107.40,112.30,107.40
01/22/2022,107.40,N/A,112.90,110.60,105.70
01/21/2022,113.30,N/A,123.90,116.90,112.00
01/20/2022,124.30,N/A,138.60,131.00,121.90
01/19/2022,138.70,N/A,137.00,139.20,136.20
01/18/2022,137.30,N/A,145.50,143.00,136.60
01/17/2022,145.80,N/A,147.40,153.20,145.80
01/16/2022,148.40,N/A,146.10,150.70,145.40
01/15/2022,146.30,N/A,147.90,148.90,145.30
01/14/2022,147.50,N/A,137.90,148.90,144.20
01/13/2022,138.00,N/A,139.70,139.80,136.00
01/12/2022,139.70,N/A,131.50,142.20,138.70
01/11/2022,131.30,N/A,129.10,132.40,130.90
01/10/2022,128.70,N/A,130.90,129.70,125.80
01/09/2022,131.70,N/A,129.80,132.50,128.00
01/08/2022,130.90,N/A,132.80,131.60,128.70
01/07/2022,133.00,N/A,129.50,133.60,130.90
01/06/2022,129.20,N/A,135.70,136.40,126.60
01/05/2022,135.30,N/A,148.40,137.70,133.40
01/04/2022,148.70,N/A,147.10,148.80,146.10
01/03/2022,147.10,N/A,149.80,148.70,146.40
01/02/2022,149.90,N/A,148.50,151.20,149.30
01/01/2022,148.80,N/A,146.80,150.90,148.80
12/31/2021,147.20,N/A,148.50,149.60,146.30
12/30/2021,148.50,N/A,145.70,149.30,146.70
12/29/2021,145.90,N/A,147.90,146.90,143.00
12/28/2021,148.30,N/A,148.00,148.80,145.40
12/27/2021,148.70,N/A,156.40,155.90,146.60
12/26/2021,156.30,N/A,154.40,156.90,154.50
12/25/2021,154.00,N/A,161.40,158.30,153.00
12/24/2021,161.50,N/A,164.50,163.10,160.40
12/23/2021,164.60,N/A,157.30,166.70,163.30
12/22/2021,156.10,N/A,153.20,157.90,153.20
12/21/2021,156.70,N/A,153.70,156.90,153.10
12/20/2021,153.90,N/A,154.30,155.20,149.20
12/19/2021,152.30,N/A,147.60,155.60,147.60
12/18/2021,154.80,N/A,146.40,155.60,147.60
12/17/2021,147.10,N/A,149.70,147.20,142.90
12/16/2021,150.00,N/A,153.50,150.30,148.30
12/15/2021,153.40,N/A,150.40,154.80,152.70
12/14/2021,150.60,N/A,145.20,151.50,148.80
12/13/2021,145.10,N/A,154.90,146.80,143.00
12/12/2021,154.90,N/A,154.30,159.80,152.90
12/11/2021,154.30,N/A,152.70,158.80,154.30
12/10/2021,152.10,N/A,153.30,152.90,146.00
12/09/2021,153.50,N/A,161.10,155.80,150.90
12/08/2021,160.70,N/A,160.80,167.10,159.20
12/07/2021,160.50,N/A,159.90,164.00,159.70
12/06/2021,160.00,N/A,154.00,163.40,158.90
12/05/2021,154.30,N/A,158.90,156.20,150.30
12/04/2021,158.60,N/A,198.60,189.20,130.30
12/03/2021,171.00,N/A,201.30,189.20,171.00
12/02/2021,201.20,N/A,203.00,204.40,199.10
12/01/2021,202.80,N/A,211.40,210.10,200.10
11/30/2021,210.80,N/A,204.00,214.60,207.10
11/29/2021,204.00,N/A,198.40,209.40,201.40
11/28/2021,198.80,N/A,188.10,202.70,198.40
11/27/2021,188.20,N/A,198.70,195.10,185.80
11/26/2021,198.80,N/A,216.50,200.70,195.30
11/25/2021,216.60,N/A,218.80,224.70,215.60
11/24/2021,216.90,N/A,212.10,222.90,210.70
11/23/2021,211.70,N/A,210.30,217.70,209.50
11/22/2021,210.40,N/A,211.90,212.10,206.90
11/21/2021,214.10,N/A,223.80,221.90,213.70
11/20/2021,223.60,N/A,221.00,226.90,219.80
11/19/2021,220.00,N/A,207.00,224.80,217.30
11/18/2021,205.90,N/A,219.10,209.10,199.80
11/17/2021,221.10,N/A,222.80,231.90,219.40
11/16/2021,221.30,N/A,246.80,233.60,219.30
11/15/2021,247.30,N/A,276.20,263.00,240.20
11/14/2021,275.80,N/A,255.50,281.10,272.40
11/13/2021,255.50,N/A,246.60,262.50,255.30
11/12/2021,247.90,N/A,275.10,255.60,245.50
11/11/2021,276.70,N/A,255.70,282.60,261.50
11/10/2021,254.50,N/A,267.00,262.50,251.10
11/09/2021,267.40,N/A,243.40,267.40,254.70
11/08/2021,243.10,N/A,206.10,247.20,227.10
11/07/2021,205.70,N/A,198.90,207.60,202.00
11/06/2021,199.30,N/A,200.307,200.10,197.10
11/05/2021,200.302,N/A,201.634,200.35,200.245
11/04/2021,201.679,N/A,203.322,203.073,200.457
11/03/2021,203.266,N/A,202.025,206.754,203.266
11/02/2021,201.86,N/A,196.091,203.362,199.064
11/01/2021,196.078,N/A,189.309,197.873,196.051
10/31/2021,189.911,N/A,193.342,192.81,188.785
10/30/2021,193.696,N/A,192.439,194.154,189.333
10/29/2021,192.623,N/A,192.959,196.884,192.419
10/28/2021,192.951,N/A,181.539,193.586,189.19
10/27/2021,182.129,N/A,203.545,182.484,178.541
10/26/2021,202.741,N/A,195.71,204.809,196.761
10/25/2021,196.52,N/A,193.631,197.179,194.711
10/24/2021,193.531,N/A,196.279,194.659,189.66
10/23/2021,198.58,N/A,193.041,199.685,194.75
10/22/2021,193.241,N/A,199.091,193.599,189.46
10/21/2021,200.13,N/A,208.808,201.349,196.72
10/20/2021,208.249,N/A,185.761,214.459,204.674
10/19/2021,186.251,N/A,190.69,188.759,186.061
10/18/2021,190.26,N/A,185.889,191.549,184.611
10/17/2021,185.26,N/A,187.271,186.35,183.55
10/16/2021,187.05,N/A,189.749,187.44,183.74
10/15/2021,190.139,N/A,184.451,192.50,189.162
10/14/2021,184.649,N/A,180.541,185.931,176.84
10/13/2021,180.38,N/A,174.139,180.859,177.021
10/12/2021,174.041,N/A,173.55,174.71,171.582
10/11/2021,173.77,N/A,180.291,179.15,172.111
10/10/2021,179.68,N/A,181.889,180.021,172.418
10/09/2021,181.04,N/A,177.651,181.63,176.35
10/08/2021,177.531,N/A,176.33,177.888,174.474
10/07/2021,175.959,N/A,175.918,180.87,175.288
10/06/2021,176.439,N/A,171.80,178.851,173.549
10/05/2021,171.46,N/A,168.58,174.191,170.15
10/04/2021,168.37,N/A,165.66,170.35,166.67
10/03/2021,165.55,N/A,168.14,170.77,165.46
10/02/2021,167.25,N/A,165.931,170.35,166.472
10/01/2021,166.23,N/A,153.461,168.451,164.631
09/30/2021,151.389,N/A,150.67,154.65,151.389
09/29/2021,150.169,N/A,144.269,150.479,143.95
09/28/2021,144.35,N/A,147.15,144.729,139.921
09/27/2021,152.96,N/A,147.061,154.869,149.331
09/26/2021,152.62,N/A,148.56,154.869,149.331
09/25/2021,148.669,N/A,154.228,151.57,146.551
09/24/2021,154.10,N/A,161.26,155.446,150.564
09/23/2021,161.611,N/A,161.269,165.95,161.381
09/22/2021,160.94,N/A,151.363,162.031,158.351
09/21/2021,151.974,N/A,159.469,154.195,145.37
09/20/2021,159.969,N/A,167.321,161.839,150.51
09/19/2021,167.49,N/A,179.47,175.83,163.927
09/18/2021,179.75,N/A,182.151,181.65,178.37
09/17/2021,180.811,N/A,186.541,182.849,178.001
09/16/2021,185.601,N/A,187.849,186.851,184.11
09/15/2021,187.693,N/A,181.031,192.509,186.661
09/14/2021,181.17,N/A,178.443,183.261,180.451
09/13/2021,178.535,N/A,175.749,182.887,176.204
09/12/2021,177.849,N/A,178.569,184.949,176.961
09/11/2021,178.251,N/A,174.828,179.301,175.221
09/10/2021,173.859,N/A,183.851,177.649,173.402
09/09/2021,183.549,N/A,179.677,187.327,179.483
09/08/2021,179.364,N/A,178.419,182.592,177.104
09/07/2021,178.624,N/A,219.118,182.838,174.972
09/06/2021,219.259,N/A,224.602,221.827,215.271
09/05/2021,217.584,N/A,223.168,218.348,210.473
09/04/2021,212.578,N/A,213.315,218.348,210.473
09/03/2021,214.017,N/A,185.668,216.947,208.762
09/02/2021,185.643,N/A,182.377,185.839,180.037
09/01/2021,182.226,N/A,172.14,184.898,179.50
08/31/2021,171.73,N/A,168.771,173.03,168.906
08/30/2021,169.058,N/A,172.25,169.08,165.74
08/29/2021,172.20,N/A,176.392,175.139,171.67
08/28/2021,176.139,N/A,174.02,182.589,175.216
08/27/2021,174.121,N/A,167.371,176.97,173.852
08/26/2021,169.838,N/A,170.212,180.13,168.021
08/25/2021,171.569,N/A,173.94,180.13,171.101
08/24/2021,174.306,N/A,185.049,177.958,173.427
08/23/2021,185.291,N/A,188.559,188.219,182.758
08/22/2021,188.83,N/A,182.209,190.446,184.611
08/21/2021,181.631,N/A,182.58,184.161,179.601
08/20/2021,182.92,N/A,175.642,184.008,180.022
08/19/2021,175.60,N/A,165.36,177.969,174.981
08/18/2021,166.311,N/A,168.646,169.437,164.991
08/17/2021,167.66,N/A,181.51,169.959,163.01
08/16/2021,181.521,N/A,183.641,182.523,173.562
08/15/2021,183.90,N/A,182.629,187.547,182.349
08/14/2021,183.054,N/A,179.204,186.39,181.312
08/13/2021,179.241,N/A,168.204,184.955,177.258
08/12/2021,168.856,N/A,174.872,169.547,164.135
08/11/2021,177.042,N/A,165.839,179.599,170.252
08/10/2021,165.613,N/A,162.863,167.82,164.273
08/09/2021,162.742,N/A,147.24,167.173,161.554
08/08/2021,147.47,N/A,154.196,150.338,145.347
08/07/2021,154.319,N/A,153.312,157.497,151.545
08/06/2021,153.48,N/A,146.061,153.795,147.134
08/05/2021,145.591,N/A,140.741,147.479,141.774
08/04/2021,140.881,N/A,137.18,143.489,140.453
08/03/2021,137.563,N/A,139.021,139.47,137.371
08/02/2021,138.621,N/A,141.211,143.19,138.591
08/01/2021,141.111,N/A,149.542,141.319,138.938
07/31/2021,149.17,N/A,144.84,149.17,143.075
07/30/2021,145.111,N/A,142.721,146.478,144.278
07/29/2021,142.836,N/A,138.101,143.787,140.421
07/28/2021,139.069,N/A,135.989,140.326,136.864
07/27/2021,135.577,N/A,128.444,137.007,133.132
07/26/2021,129.034,N/A,136.043,132.275,127.471
07/25/2021,136.504,N/A,125.531,138.755,126.979
07/24/2021,125.559,N/A,119.91,127.399,123.842
07/23/2021,125.78,N/A,120.579,126.03,123.842
07/22/2021,120.431,N/A,115.835,122.034,119.461
07/21/2021,117.041,N/A,108.352,119.044,115.679
07/20/2021,108.742,N/A,108.833,109.00,105.158
07/19/2021,106.301,N/A,118.03,115.025,105.919
07/18/2021,118.748,N/A,123.441,119.989,117.119
07/17/2021,122.88,N/A,119.584,124.019,119.773
07/16/2021,119.915,N/A,127.119,122.792,118.60
07/15/2021,126.824,N/A,129.279,127.786,124.313
07/14/2021,129.431,N/A,124.857,133.078,129.43
07/13/2021,124.525,N/A,133.239,131.80,124.07
07/12/2021,133.478,N/A,135.438,134.495,132.359
07/11/2021,135.529,N/A,132.774,136.249,133.637
07/10/2021,132.888,N/A,133.719,135.398,132.602
07/09/2021,133.871,N/A,130.394,136.702,132.972
07/08/2021,130.388,N/A,135.127,130.53,130.034
07/07/2021,135.093,N/A,139.955,137.698,133.434
07/06/2021,139.928,N/A,138.517,140.325,136.966
07/05/2021,138.361,N/A,141.273,140.66,137.163
07/04/2021,140.923,N/A,140.008,144.964,140.906
07/03/2021,140.039,N/A,134.069,141.232,134.661
07/02/2021,134.918,N/A,132.34,137.229,134.661
07/01/2021,132.939,N/A,139.035,138.90,132.601
06/30/2021,139.293,N/A,142.163,144.198,139.033
06/29/2021,142.55,N/A,138.523,146.836,141.845
06/28/2021,138.624,N/A,130.648,142.053,137.277
06/27/2021,130.818,N/A,129.164,132.957,130.214
06/26/2021,129.307,N/A,126.507,129.466,125.846
06/25/2021,127.116,N/A,137.174,128.502,123.993
06/24/2021,137.065,N/A,126.844,138.384,132.342
06/23/2021,125.668,N/A,128.738,129.978,123.752
06/22/2021,128.113,N/A,131.342,131.14,115.589
06/21/2021,131.638,N/A,149.535,132.875,119.882
06/20/2021,150.05,N/A,153.273,155.416,149.664
06/19/2021,153.521,N/A,154.299,154.231,150.653
06/18/2021,154.15,N/A,165.227,158.129,153.68
06/17/2021,165.63,N/A,171.135,167.148,163.02
06/16/2021,171.087,N/A,172.293,171.239,165.732
06/15/2021,172.754,N/A,178.621,175.709,170.516
06/14/2021,178.792,N/A,168.53,181.109,177.502
06/13/2021,168.319,N/A,157.77,172.049,167.815
06/12/2021,158.029,N/A,156.738,163.475,157.724
06/11/2021,154.765,N/A,171.304,163.154,154.711
06/10/2021,170.816,N/A,170.289,172.13,164.83
06/09/2021,170.869,N/A,154.453,174.272,170.223
06/08/2021,155.117,N/A,156.578,161.459,153.164
06/07/2021,156.58,N/A,180.902,164.331,152.975
06/06/2021,180.814,N/A,176.535,182.214,175.101
06/05/2021,176.226,N/A,182.028,176.904,172.357
06/04/2021,182.69,N/A,183.132,184.72,177.46
06/03/2021,182.888,N/A,186.163,193.741,179.507
06/02/2021,186.009,N/A,182.327,188.435,182.244
06/01/2021,181.742,N/A,182.854,184.104,178.426
05/31/2021,182.185,N/A,165.667,193.118,181.198
05/30/2021,164.416,N/A,162.716,172.95,163.671
05/29/2021,165.124,N/A,185.877,165.258,155.27
05/28/2021,185.257,N/A,194.304,188.459,176.689
05/27/2021,192.00,N/A,185.318,198.774,188.298
05/26/2021,182.182,N/A,191.655,202.854,180.561
05/25/2021,190.866,N/A,181.527,191.527,179.817
05/24/2021,180.694,N/A,151.232,194.322,176.795
05/23/2021,151.657,N/A,171.295,154.293,139.764
05/22/2021,170.645,N/A,178.881,176.245,166.055
05/21/2021,178.527,N/A,207.906,184.367,175.469
05/20/2021,207.738,N/A,193.83,218.596,206.913
05/19/2021,190.229,N/A,273.555,195.308,166.696
05/18/2021,273.914,N/A,302.74,300.24,268.793
05/17/2021,303.249,N/A,269.894,307.346,279.00
05/16/2021,272.665,N/A,311.262,296.31,267.908
05/15/2021,308.592,N/A,324.415,314.087,298.593
05/14/2021,325.682,N/A,311.674,331.683,323.103
05/13/2021,313.952,N/A,323.67,320.809,309.873
05/12/2021,321.568,N/A,391.689,332.085,300.74
05/11/2021,392.921,N/A,352.197,392.921,376.613
05/10/2021,352.137,N/A,408.29,367.26,345.199
05/09/2021,407.802,N/A,339.649,412.802,387.812
05/08/2021,348.989,N/A,352.683,351.25,343.132
05/07/2021,352.467,N/A,351.492,356.507,342.731
05/06/2021,356.522,N/A,342.414,372.227,342.99
05/05/2021,343.151,N/A,327.577,364.758,336.712
05/04/2021,329.133,N/A,277.782,337.227,311.607
05/03/2021,276.428,N/A,273.389,297.629,271.934
05/02/2021,273.54,N/A,274.69,274.559,268.601
05/01/2021,268.454,N/A,274.39,277.399,268.454
04/30/2021,273.902,N/A,256.59,274.24,268.434
04/29/2021,258.151,N/A,253.929,258.267,252.692
04/28/2021,252.863,N/A,255.379,259.309,252.863
04/27/2021,258.213,N/A,247.952,266.424,256.343
04/26/2021,248.05,N/A,238.01,251.769,243.842
04/25/2021,237.83,N/A,224.479,240.251,221.451
04/24/2021,224.431,N/A,233.98,231.097,223.22
04/23/2021,235.071,N/A,232.446,241.341,228.243
04/22/2021,232.637,N/A,257.269,257.108,207.384
04/21/2021,256.224,N/A,258.438,264.037,251.652
04/20/2021,260.371,N/A,246.803,269.934,256.751
04/19/2021,246.457,N/A,279.765,263.733,238.112
04/18/2021,279.537,N/A,265.715,281.516,267.553
04/17/2021,250.056,N/A,323.288,304.464,231.866
04/16/2021,321.889,N/A,294.681,333.563,308.274
04/15/2021,296.232,N/A,278.13,296.534,279.097
04/14/2021,276.901,N/A,279.391,282.507,270.926
04/13/2021,281.15,N/A,250.429,282.926,266.881
04/12/2021,251.159,N/A,254.121,252.709,244.442
04/11/2021,253.33,N/A,250.584,256.03,247.547
04/10/2021,251.591,N/A,226.26,258.455,250.60
04/09/2021,226.519,N/A,224.361,226.608,219.22
04/08/2021,225.12,N/A,221.26,228.795,224.041
04/07/2021,220.848,N/A,240.033,225.532,217.829
04/06/2021,239.713,N/A,218.322,242.658,231.001
04/05/2021,219.044,N/A,202.68,227.701,218.62
04/04/2021,203.499,N/A,199.261,207.108,199.002
04/03/2021,198.941,N/A,210.84,200.319,192.371
04/02/2021,211.029,N/A,206.319,214.669,209.621
04/01/2021,205.209,N/A,198.31,208.921,200.831
03/31/2021,197.109,N/A,196.01,200.669,196.735
03/30/2021,192.643,N/A,191.085,197.611,191.996
03/29/2021,190.921,N/A,190.449,195.717,190.32
03/28/2021,190.76,N/A,186.17,191.994,182.45
03/27/2021,185.741,N/A,182.051,186.27,182.495
03/26/2021,181.709,N/A,172.998,184.541,181.09
03/25/2021,175.122,N/A,176.069,177.098,171.549
03/24/2021,175.67,N/A,192.57,178.325,171.40
03/23/2021,190.75,N/A,187.429,193.32,182.46
03/22/2021,187.829,N/A,192.87,189.309,184.803
03/21/2021,194.09,N/A,197.949,195.788,190.103
03/20/2021,198.61,N/A,201.43,201.799,197.099
03/19/2021,201.221,N/A,199.893,202.448,198.91
03/18/2021,201.272,N/A,204.62,202.11,195.855
03/17/2021,204.701,N/A,197.153,207.861,204.353
03/16/2021,198.004,N/A,196.245,202.696,197.333
03/15/2021,196.237,N/A,219.89,202.772,191.631
03/14/2021,219.991,N/A,224.181,220.64,212.873
03/13/2021,224.299,N/A,218.04,228.041,222.782
03/12/2021,216.31,N/A,208.871,221.037,213.28
03/11/2021,209.404,N/A,198.969,211.614,198.59
03/10/2021,198.132,N/A,194.793,202.009,196.245
03/09/2021,194.273,N/A,196.892,207.628,191.631
03/08/2021,198.45,N/A,188.529,200.442,189.31
03/07/2021,188.01,N/A,183.84,195.221,187.16
03/06/2021,183.951,N/A,178.941,186.487,182.839
03/05/2021,178.82,N/A,170.23,184.542,178.184
03/04/2021,171.451,N/A,183.954,180.725,168.671
03/03/2021,184.611,N/A,188.918,194.404,183.101
03/02/2021,189.228,N/A,174.011,189.771,176.955
03/01/2021,173.239,N/A,166.447,179.529,171.913
02/28/2021,166.644,N/A,157.68,169.191,163.894
02/27/2021,160.707,N/A,176.481,172.836,157.442
02/26/2021,176.09,N/A,174.158,180.337,169.732
02/25/2021,173.883,N/A,177.811,182.625,169.711
02/24/2021,178.074,N/A,182.026,185.369,178.011
02/23/2021,183.145,N/A,192.284,185.051,169.287
02/22/2021,190.45,N/A,218.173,208.675,188.133
02/21/2021,216.802,N/A,228.07,227.296,213.636
02/20/2021,226.809,N/A,243.32,233.584,223.957
02/19/2021,243.50,N/A,223.73,247.073,230.799
02/18/2021,223.918,N/A,231.322,230.307,220.344
02/17/2021,230.971,N/A,204.54,238.938,228.384
02/16/2021,205.141,N/A,215.169,214.567,203.616
02/15/2021,214.363,N/A,196.71,218.918,201.119
02/14/2021,195.658,N/A,219.169,215.518,185.652
02/13/2021,218.212,N/A,206.76,228.269,214.006
02/12/2021,207.26,N/A,180.132,207.26,196.588
02/11/2021,180.569,N/A,179.631,188.484,176.852
02/10/2021,179.66,N/A,186.858,183.26,175.917
02/09/2021,186.123,N/A,172.07,193.695,178.899
02/08/2021,170.83,N/A,150.309,172.673,164.615
02/07/2021,150.429,N/A,150.416,152.629,147.862
02/06/2021,149.103,N/A,158.38,157.22,149.103
02/05/2021,159.805,N/A,147.928,164.031,149.978
02/04/2021,147.735,N/A,151.597,149.301,143.683
02/03/2021,151.441,N/A,153.023,158.212,149.169
02/02/2021,153.132,N/A,134.576,154.806,141.972
02/01/2021,134.64,N/A,130.357,136.057,131.914
01/31/2021,130.481,N/A,131.931,131.58,126.002
01/30/2021,131.841,N/A,130.389,134.89,131.231
01/29/2021,130.43,N/A,133.05,136.23,128.033
01/28/2021,132.975,N/A,127.061,138.639,132.21
01/27/2021,126.73,N/A,130.923,127.316,120.933
01/26/2021,130.619,N/A,136.272,134.908,130.102
01/25/2021,136.189,N/A,145.279,139.706,133.774
01/24/2021,145.012,N/A,141.493,147.608,140.624
01/23/2021,141.10,N/A,140.991,141.523,136.318
01/22/2021,141.19,N/A,133.809,141.959,135.08
01/21/2021,133.22,N/A,141.66,136.20,122.881
01/20/2021,142.72,N/A,150.22,150.219,142.401
01/19/2021,150.94,N/A,156.469,156.131,147.416
01/18/2021,157.602,N/A,139.651,160.966,150.254
01/17/2021,139.228,N/A,142.289,144.601,138.58
01/16/2021,143.298,N/A,143.14,146.948,141.63
01/15/2021,143.081,N/A,149.42,146.389,141.51
01/14/2021,149.879,N/A,146.399,155.621,147.94
01/13/2021,146.10,N/A,131.54,149.848,143.742
01/12/2021,131.311,N/A,140.276,136.878,126.005
01/11/2021,138.121,N/A,146.754,141.707,131.929
01/10/2021,146.641,N/A,179.348,170.547,124.505
01/09/2021,178.087,N/A,169.111,185.671,176.581
01/08/2021,169.941,N/A,161.57,175.718,167.152
01/07/2021,161.07,N/A,169.143,171.826,150.063
01/06/2021,169.412,N/A,162.99,172.471,166.002
01/05/2021,161.90,N/A,149.231,164.74,155.038
01/04/2021,150.462,N/A,163.736,159.898,147.581
01/03/2021,162.809,N/A,136.97,164.648,156.102
01/02/2021,136.258,N/A,124.968,138.996,135.401
01/01/2021,124.853,N/A,130.866,126.711,123.153
12/31/2020,131.032,N/A,126.238,133.919,122.943
12/30/2020,126.04,N/A,128.578,130.34,123.637
12/29/2020,128.362,N/A,126.75,132.996,128.168
12/28/2020,125.689,N/A,127.75,130.907,124.511
12/27/2020,128.402,N/A,133.759,132.756,126.464
12/26/2020,133.612,N/A,130.239,136.284,127.521
12/25/2020,131.205,N/A,108.849,132.437,125.069
12/24/2020,109.341,N/A,102.428,112.723,108.353
12/23/2020,103.559,N/A,114.142,104.683,98.713
12/22/2020,111.332,N/A,103.598,117.155,111.09
12/21/2020,105.565,N/A,115.61,107.038,102.863
12/20/2020,117.521,N/A,117.30,118.54,113.108
12/19/2020,119.529,N/A,107.951,119.93,115.053
12/18/2020,107.999,N/A,107.763,109.801,107.213
12/17/2020,107.733,N/A,91.493,112.765,99.253
12/16/2020,91.818,N/A,79.672,94.471,90.609
12/15/2020,79.918,N/A,81.705,81.482,78.596
12/14/2020,82.558,N/A,81.00,84.875,82.357
12/13/2020,80.664,N/A,75.813,82.963,80.376
12/12/2020,76.035,N/A,75.308,76.986,75.525
12/11/2020,75.405,N/A,71.855,75.481,72.092
12/10/2020,71.945,N/A,76.461,75.065,70.744
12/09/2020,76.426,N/A,75.631,77.621,76.224
12/08/2020,75.983,N/A,83.237,77.445,75.177
12/07/2020,83.224,N/A,83.473,84.81,82.96
12/06/2020,83.274,N/A,83.843,83.855,82.38
12/05/2020,84.089,N/A,81.456,85.155,83.138
12/04/2020,81.386,N/A,87.497,81.83,78.644
12/03/2020,87.493,N/A,87.517,89.806,86.217
12/02/2020,87.581,N/A,84.858,89.969,87.064
12/01/2020,84.728,N/A,89.027,87.166,82.89
11/30/2020,89.519,N/A,79.343,90.642,85.447
11/29/2020,79.156,N/A,73.96,80.412,78.564
11/28/2020,74.153,N/A,69.262,75.121,71.528
11/27/2020,68.782,N/A,71.252,70.965,68.31
11/26/2020,71.291,N/A,77.429,73.508,69.658
